빌드 시작: 2026-07-03 오전 11:16:23
로깅의 세부 정보 표시가 Detailed(으)로 설정되었습니다.     0>출력이 파일로 리디렉션되기 때문에 터미널 로거가 사용되지 않았습니다.
       프로세스 = "C:\Program Files\dotnet\dotnet.exe"
       MSBuild 실행 파일 경로 = "C:\Program Files\dotnet\sdk\10.0.300\MSBuild.exe"
       명령줄 인수 = "C:\Program Files\dotnet\sdk\10.0.300\MSBuild.exe -maxcpucount --verbosity:m -tlp:default=auto --property:NuGetInteractive=false --target:Restore --verbosity:diag --nologo .\CodeGenerator.sln -fileLogger -fileLoggerParameters:LogFile=outputs\route-generator-example\solution-restore.log -distributedlogger:Microsoft.DotNet.Cli.Commands.MSBuild.MSBuildLogger,C:\Program Files\dotnet\sdk\10.0.300\dotnet.dll*Microsoft.DotNet.Cli.Commands.MSBuild.MSBuildForwardingLogger,C:\Program Files\dotnet\sdk\10.0.300\dotnet.dll"
       현재 디렉터리 = "F:\USER\Csharp.NET\Code-Generator"
       MSBuild 버전 = "18.6.3+caa81fa49"
       Windows 레지스트리 키 LongPathsEnabled에 따라 LongPaths 기능이 사용입니다.
       Windows 레지스트리 키 VerifiedAndReputablePolicyState에 따른 SAC 상태 = 0: 꺼짐.
       F:\USER\Csharp.NET\Code-Generator\CodeGenerator.sln.metaproj : message : 환경에서 값이 'MSBuildExtensionsPath'인 속성 'C:\Program Files\dotnet\sdk\10.0.300\'이(가) 확장되었습니다.
       Evaluation 동안 로드된 어셈블리: System.Threading.Tasks.Parallel, Version=10.0.0.0, Culture=neutral, PublicKeyToken=b03f5f7f11d50a3a(위치: C:\Program Files\dotnet\shared\Microsoft.NETCore.App\10.0.8\System.Threading.Tasks.Parallel.dll, MVID: c4ac9312-6477-44e3-9858-af6507de959c, AssemblyLoadContext: Default)
       "NuGetInteractive" 속성은 전역 속성이므로 수정할 수 없습니다.
       C:\Program Files\dotnet\sdk\10.0.300\NuGet.targets(125,5): message : 속성 재할당: $(_GenerateRestoreGraphProjectEntryInputProperties)=C:\Program Files\dotnet\sdk\10.0.300\NuGet.targets (125,5)의 "
       C:\Program Files\dotnet\sdk\10.0.300\NuGet.targets(125,5): message :       ExcludeRestorePackageImports=true;
       C:\Program Files\dotnet\sdk\10.0.300\NuGet.targets(125,5): message :       _RestoreSolutionFileUsed=true;
       C:\Program Files\dotnet\sdk\10.0.300\NuGet.targets(125,5): message :       SolutionDir=F:\USER\Csharp.NET\Code-Generator\;
       C:\Program Files\dotnet\sdk\10.0.300\NuGet.targets(125,5): message :       SolutionName=CodeGenerator;
       C:\Program Files\dotnet\sdk\10.0.300\NuGet.targets(125,5): message :       SolutionFileName=CodeGenerator.sln;
       C:\Program Files\dotnet\sdk\10.0.300\NuGet.targets(125,5): message :       SolutionPath=F:\USER\Csharp.NET\Code-Generator\CodeGenerator.sln;
       C:\Program Files\dotnet\sdk\10.0.300\NuGet.targets(125,5): message :       SolutionExt=.sln;
       C:\Program Files\dotnet\sdk\10.0.300\NuGet.targets(125,5): message :     "(이전 값: "ExcludeRestorePackageImports=true")
       Evaluation 동안 로드된 어셈블리: System.Numerics.Vectors, Version=10.0.0.0, Culture=neutral, PublicKeyToken=b03f5f7f11d50a3a(위치: C:\Program Files\dotnet\shared\Microsoft.NETCore.App\10.0.8\System.Numerics.Vectors.dll, MVID: 0b5b7753-0ad4-412e-9a92-fe8620136761, AssemblyLoadContext: Default)
       "F:\USER\Csharp.NET\Code-Generator\CodeGenerator.sln.metaproj" 프로젝트의 "Restore" 대상을 "C:\Program Files\dotnet\sdk\10.0.300\NuGet.targets" 프로젝트의 "Restore" 대상으로 재정의하고 있습니다.
       "C:\Program Files\dotnet\sdk\10.0.300\Current\SolutionFile\ImportAfter\Microsoft.NET.Sdk.Solution.targets(24,11)"의 BeforeTargets 특성에 나열된 "_MTPBuild" 대상이 프로젝트에 없으며 무시됩니다.
       "C:\Program Files\dotnet\sdk\10.0.300\Current\SolutionFile\ImportAfter\Microsoft.NET.Sdk.Solution.targets(33,11)"의 BeforeTargets 특성에 나열된 "Store" 대상이 프로젝트에 없으며 무시됩니다.
       "C:\Program Files\dotnet\sdk\10.0.300\Current\SolutionFile\ImportAfter\Microsoft.NET.Sdk.Solution.targets(33,11)"의 BeforeTargets 특성에 나열된 "VSTest" 대상이 프로젝트에 없으며 무시됩니다.
       "C:\Program Files\dotnet\sdk\10.0.300\Current\SolutionFile\ImportAfter\Microsoft.NET.Sdk.Solution.targets(33,11)"의 BeforeTargets 특성에 나열된 "_MTPBuild" 대상이 프로젝트에 없으며 무시됩니다.
       "C:\Program Files\dotnet\sdk\10.0.300\NuGet.targets(705,11)"의 BeforeTargets 특성에 나열된 "_CheckForInvalidConfigurationAndPlatform" 대상이 프로젝트에 없으며 무시됩니다.
     1>1 노드의 "F:\USER\Csharp.NET\Code-Generator\CodeGenerator.sln" 프로젝트(Restore 대상)입니다.
     1>"F:\USER\Csharp.NET\Code-Generator\CodeGenerator.sln" 프로젝트의 "F:\USER\Csharp.NET\Code-Generator\CodeGenerator.sln.metaproj" 파일에 있는 "ValidateSolutionConfiguration" 대상(진입점):
     1>"Microsoft.Build.Tasks.Core, Version=15.1.0.0, Culture=neutral, PublicKeyToken=b03f5f7f11d50a3a" 어셈블리에서 "Message" 작업을 사용합니다.
       "Message" 작업
         작업 매개 변수:Text=솔루션 구성 "Debug|Any CPU"을(를) 빌드하고 있습니다.
         솔루션 구성 "Debug|Any CPU"을(를) 빌드하고 있습니다.
       "Message" 작업을 실행했습니다.
     1>"CodeGenerator.sln" 프로젝트에 "ValidateSolutionConfiguration" 대상을 빌드했습니다.
     1>"F:\USER\Csharp.NET\Code-Generator\CodeGenerator.sln" 프로젝트의 "F:\USER\Csharp.NET\Code-Generator\CodeGenerator.sln.metaproj" 파일에 있는 "ValidateToolsVersions" 대상(진입점):
     1>"CodeGenerator.sln" 프로젝트에 "ValidateToolsVersions" 대상을 빌드했습니다.
     1>"F:\USER\Csharp.NET\Code-Generator\CodeGenerator.sln" 프로젝트의 "F:\USER\Csharp.NET\Code-Generator\CodeGenerator.sln.metaproj" 파일에 있는 "ValidateProjects" 대상(진입점):
     1>"CodeGenerator.sln" 프로젝트에 "ValidateProjects" 대상을 빌드했습니다.
     1>"F:\USER\Csharp.NET\Code-Generator\CodeGenerator.sln" 프로젝트의 "C:\Program Files\dotnet\sdk\10.0.300\NuGet.targets" 파일에 있는 "_LoadRestoreGraphEntryPoints" 대상("_FilterRestoreGraphProjectInputItems" 대상이 종속됨):
       TaskRun 동안 로드된 어셈블리: NuGet.Build.Tasks, Version=7.6.0.0, Culture=neutral, PublicKeyToken=31bf3856ad364e35(위치: C:\Program Files\dotnet\sdk\10.0.300\NuGet.Build.Tasks.dll, MVID: c0949f20-44d4-45ce-aaf8-ab3e248ce236, AssemblyLoadContext: MSBuild plugin C:\Program Files\dotnet\sdk\10.0.300\NuGet.Build.Tasks.dll)
       TaskRun 동안 로드된 어셈블리: NuGet.Common, Version=7.6.0.0, Culture=neutral, PublicKeyToken=31bf3856ad364e35(위치: C:\Program Files\dotnet\sdk\10.0.300\NuGet.Common.dll, MVID: c7cb08cf-8731-44a8-9d1a-502b05090f5f, AssemblyLoadContext: MSBuild plugin C:\Program Files\dotnet\sdk\10.0.300\NuGet.Build.Tasks.dll)
       TaskRun 동안 로드된 어셈블리: NuGet.Commands, Version=7.6.0.0, Culture=neutral, PublicKeyToken=31bf3856ad364e35(위치: C:\Program Files\dotnet\sdk\10.0.300\NuGet.Commands.dll, MVID: 99ca5744-e818-4ae7-bac3-44cac66d53a4, AssemblyLoadContext: MSBuild plugin C:\Program Files\dotnet\sdk\10.0.300\NuGet.Build.Tasks.dll)
       TaskRun 동안 로드된 어셈블리: NuGet.ProjectModel, Version=7.6.0.0, Culture=neutral, PublicKeyToken=31bf3856ad364e35(위치: C:\Program Files\dotnet\sdk\10.0.300\NuGet.ProjectModel.dll, MVID: 91c169e8-39f0-4330-8136-94cd57b1c51b, AssemblyLoadContext: MSBuild plugin C:\Program Files\dotnet\sdk\10.0.300\NuGet.Build.Tasks.dll)
       "C:\Program Files\dotnet\sdk\10.0.300\NuGet.Build.Tasks.dll" 어셈블리에서 "GetRestoreSolutionProjectsTask" 작업을 사용합니다.
       "GetRestoreSolutionProjectsTask" 작업
         작업 매개 변수:
             ProjectReferences=
                 F:\USER\Csharp.NET\Code-Generator\src\RouteGenerator\RouteGenerator.csproj
                         AdditionalProperties=Configuration=Debug; Platform=AnyCPU
                         Configuration=Debug
                         Platform=AnyCPU
                         SkipNonexistentProjects=False
                         ToolsVersion=
                 F:\USER\Csharp.NET\Code-Generator\src\Project1.App\Project1.App.csproj
                         AdditionalProperties=Configuration=Debug; Platform=AnyCPU
                         Configuration=Debug
                         Platform=AnyCPU
                         SkipNonexistentProjects=False
                         ToolsVersion=
                 F:\USER\Csharp.NET\Code-Generator\src\Project2.App\Project2.App.csproj
                         AdditionalProperties=Configuration=Debug; Platform=AnyCPU
                         Configuration=Debug
                         Platform=AnyCPU
                         SkipNonexistentProjects=False
                         ToolsVersion=
         작업 매개 변수:SolutionFilePath=F:\USER\Csharp.NET\Code-Generator\CodeGenerator.sln.metaproj
         출력 항목: 
             RestoreGraphProjectInputItems=
                 F:\USER\Csharp.NET\Code-Generator\src\RouteGenerator\RouteGenerator.csproj
                         AdditionalProperties=Configuration=Debug; Platform=AnyCPU
                         Configuration=Debug
                         Platform=AnyCPU
                         SkipNonexistentProjects=False
                         ToolsVersion=
                 F:\USER\Csharp.NET\Code-Generator\src\Project1.App\Project1.App.csproj
                         AdditionalProperties=Configuration=Debug; Platform=AnyCPU
                         Configuration=Debug
                         Platform=AnyCPU
                         SkipNonexistentProjects=False
                         ToolsVersion=
                 F:\USER\Csharp.NET\Code-Generator\src\Project2.App\Project2.App.csproj
                         AdditionalProperties=Configuration=Debug; Platform=AnyCPU
                         Configuration=Debug
                         Platform=AnyCPU
                         SkipNonexistentProjects=False
                         ToolsVersion=
       "GetRestoreSolutionProjectsTask" 작업을 실행했습니다.
     1>"CodeGenerator.sln" 프로젝트에 "_LoadRestoreGraphEntryPoints" 대상을 빌드했습니다.
     1>"F:\USER\Csharp.NET\Code-Generator\CodeGenerator.sln" 프로젝트의 "C:\Program Files\dotnet\sdk\10.0.300\NuGet.targets" 파일에 있는 "_FilterRestoreGraphProjectInputItems" 대상("_GenerateRestoreGraph" 대상이 종속됨):
       설정 속성: RestoreProjectFilterMode=exclusionlist
       추가된 항목: 
           _FilteredRestoreGraphProjectInputItemsTmp=
               F:\USER\Csharp.NET\Code-Generator\src\RouteGenerator\RouteGenerator.csproj
                       AdditionalProperties=Configuration=Debug; Platform=AnyCPU
                       Configuration=Debug
                       Platform=AnyCPU
                       SkipNonexistentProjects=False
                       ToolsVersion=
               F:\USER\Csharp.NET\Code-Generator\src\Project1.App\Project1.App.csproj
                       AdditionalProperties=Configuration=Debug; Platform=AnyCPU
                       Configuration=Debug
                       Platform=AnyCPU
                       SkipNonexistentProjects=False
                       ToolsVersion=
               F:\USER\Csharp.NET\Code-Generator\src\Project2.App\Project2.App.csproj
                       AdditionalProperties=Configuration=Debug; Platform=AnyCPU
                       Configuration=Debug
                       Platform=AnyCPU
                       SkipNonexistentProjects=False
                       ToolsVersion=
       "Microsoft.Build.Tasks.Core, Version=15.1.0.0, Culture=neutral, PublicKeyToken=b03f5f7f11d50a3a" 어셈블리에서 "RemoveDuplicates" 작업을 사용합니다.
       "RemoveDuplicates" 작업
         작업 매개 변수:
             Inputs=
                 F:\USER\Csharp.NET\Code-Generator\src\RouteGenerator\RouteGenerator.csproj
                         AdditionalProperties=Configuration=Debug; Platform=AnyCPU
                         Configuration=Debug
                         Platform=AnyCPU
                         SkipNonexistentProjects=False
                         ToolsVersion=
                 F:\USER\Csharp.NET\Code-Generator\src\Project1.App\Project1.App.csproj
                         AdditionalProperties=Configuration=Debug; Platform=AnyCPU
                         Configuration=Debug
                         Platform=AnyCPU
                         SkipNonexistentProjects=False
                         ToolsVersion=
                 F:\USER\Csharp.NET\Code-Generator\src\Project2.App\Project2.App.csproj
                         AdditionalProperties=Configuration=Debug; Platform=AnyCPU
                         Configuration=Debug
                         Platform=AnyCPU
                         SkipNonexistentProjects=False
                         ToolsVersion=
         출력 항목: 
             FilteredRestoreGraphProjectInputItemsWithoutDuplicates=
                 F:\USER\Csharp.NET\Code-Generator\src\RouteGenerator\RouteGenerator.csproj
                         AdditionalProperties=Configuration=Debug; Platform=AnyCPU
                         Configuration=Debug
                         Platform=AnyCPU
                         SkipNonexistentProjects=False
                         ToolsVersion=
                 F:\USER\Csharp.NET\Code-Generator\src\Project1.App\Project1.App.csproj
                         AdditionalProperties=Configuration=Debug; Platform=AnyCPU
                         Configuration=Debug
                         Platform=AnyCPU
                         SkipNonexistentProjects=False
                         ToolsVersion=
                 F:\USER\Csharp.NET\Code-Generator\src\Project2.App\Project2.App.csproj
                         AdditionalProperties=Configuration=Debug; Platform=AnyCPU
                         Configuration=Debug
                         Platform=AnyCPU
                         SkipNonexistentProjects=False
                         ToolsVersion=
       "RemoveDuplicates" 작업을 실행했습니다.
       "Microsoft.Build.Tasks.Core, Version=15.1.0.0, Culture=neutral, PublicKeyToken=b03f5f7f11d50a3a" 어셈블리에서 "MSBuild" 작업을 사용합니다.
       "MSBuild" 작업
         작업 매개 변수:
             Projects=
                 F:\USER\Csharp.NET\Code-Generator\src\RouteGenerator\RouteGenerator.csproj
                         AdditionalProperties=Configuration=Debug; Platform=AnyCPU
                         Configuration=Debug
                         Platform=AnyCPU
                         SkipNonexistentProjects=False
                         ToolsVersion=
                 F:\USER\Csharp.NET\Code-Generator\src\Project1.App\Project1.App.csproj
                         AdditionalProperties=Configuration=Debug; Platform=AnyCPU
                         Configuration=Debug
                         Platform=AnyCPU
                         SkipNonexistentProjects=False
                         ToolsVersion=
                 F:\USER\Csharp.NET\Code-Generator\src\Project2.App\Project2.App.csproj
                         AdditionalProperties=Configuration=Debug; Platform=AnyCPU
                         Configuration=Debug
                         Platform=AnyCPU
                         SkipNonexistentProjects=False
                         ToolsVersion=
         작업 매개 변수:Targets=_IsProjectRestoreSupported
         작업 매개 변수:
             Properties=
                 ExcludeRestorePackageImports=true
                 _RestoreSolutionFileUsed=true
                 SolutionDir=F:\USER\Csharp.NET\Code-Generator\
                 SolutionName=CodeGenerator
                 SolutionFileName=CodeGenerator.sln
                 SolutionPath=F:\USER\Csharp.NET\Code-Generator\CodeGenerator.sln
                 SolutionExt=.sln
         작업 매개 변수:SkipNonexistentTargets=True
         작업 매개 변수:BuildInParallel=True
         전역 속성:
           ExcludeRestorePackageImports=true
           _RestoreSolutionFileUsed=true
           SolutionDir=F:\USER\Csharp.NET\Code-Generator\
           SolutionName=CodeGenerator
           SolutionFileName=CodeGenerator.sln
           SolutionPath=F:\USER\Csharp.NET\Code-Generator\CodeGenerator.sln
           SolutionExt=.sln
         "F:\USER\Csharp.NET\Code-Generator\src\RouteGenerator\RouteGenerator.csproj" 프로젝트의 추가 속성:
           Configuration=Debug
           Platform=AnyCPU
         "F:\USER\Csharp.NET\Code-Generator\src\Project1.App\Project1.App.csproj" 프로젝트의 추가 속성:
           Configuration=Debug
           Platform=AnyCPU
         "F:\USER\Csharp.NET\Code-Generator\src\Project2.App\Project2.App.csproj" 프로젝트의 추가 속성:
           Configuration=Debug
           Platform=AnyCPU
     0>Evaluation 동안 로드된 어셈블리: System.Security.Claims, Version=10.0.0.0, Culture=neutral, PublicKeyToken=b03f5f7f11d50a3a(위치: C:\Program Files\dotnet\shared\Microsoft.NETCore.App\10.0.8\System.Security.Claims.dll, MVID: e7755c15-c535-4635-ad1a-c82636875965, AssemblyLoadContext: Default)
       SDK "Microsoft.NET.Sdk"이(가) "DefaultSdkResolver" 확인자에 의해 "C:\Program Files\dotnet\sdk\10.0.300\Sdks\Microsoft.NET.Sdk\Sdk" 위치 및 "" 버전으로 확인되었습니다.
       C:\Program Files\dotnet\sdk\10.0.300\Sdks\Microsoft.NET.Sdk\Sdk\Sdk.props(49,11): message : 환경에서 값이 'MSBuildExtensionsPath'인 속성 'C:\Program Files\dotnet\sdk\10.0.300\'이(가) 확장되었습니다.
       C:\Program Files\dotnet\sdk\10.0.300\Current\Microsoft.Common.props(60,5): message : 속성 재할당: $(MSBuildProjectExtensionsPath)=C:\Program Files\dotnet\sdk\10.0.300\Current\Microsoft.Common.props (60,5)의 "F:\USER\Csharp.NET\Code-Generator\src\RouteGenerator\obj\"(이전 값: "obj\")
       C:\Program Files\dotnet\sdk\10.0.300\Current\Microsoft.Common.props(84,119): message : 환경에서 값이 'MSBuildUserExtensionsPath'인 속성 'C:\Users\Soletop\AppData\Local\Microsoft\MSBuild'이(가) 확장되었습니다.
       "Configuration" 속성은 전역 속성이므로 수정할 수 없습니다.
       "Platform" 속성은 전역 속성이므로 수정할 수 없습니다.
       "Configuration" 속성은 전역 속성이므로 수정할 수 없습니다.
       "Platform" 속성은 전역 속성이므로 수정할 수 없습니다.
       C:\Program Files\dotnet\sdk\10.0.300\Sdks\Microsoft.NET.Sdk\targets\Microsoft.NET.Sdk.props(90,5): message : 속성 재할당: $(AssemblySearchPaths)=C:\Program Files\dotnet\sdk\10.0.300\Sdks\Microsoft.NET.Sdk\targets\Microsoft.NET.Sdk.props (90,5)의 "{CandidateAssemblyFiles};{HintPathFromItem}"(이전 값: "{CandidateAssemblyFiles}")
       C:\Program Files\dotnet\sdk\10.0.300\Sdks\Microsoft.NET.Sdk\targets\Microsoft.NET.Sdk.props(91,5): message : 속성 재할당: $(AssemblySearchPaths)=C:\Program Files\dotnet\sdk\10.0.300\Sdks\Microsoft.NET.Sdk\targets\Microsoft.NET.Sdk.props (91,5)의 "{CandidateAssemblyFiles};{HintPathFromItem};{TargetFrameworkDirectory}"(이전 값: "{CandidateAssemblyFiles};{HintPathFromItem}")
       C:\Program Files\dotnet\sdk\10.0.300\Sdks\Microsoft.NET.Sdk\targets\Microsoft.NET.Sdk.props(92,5): message : 속성 재할당: $(AssemblySearchPaths)=C:\Program Files\dotnet\sdk\10.0.300\Sdks\Microsoft.NET.Sdk\targets\Microsoft.NET.Sdk.props (92,5)의 "{CandidateAssemblyFiles};{HintPathFromItem};{TargetFrameworkDirectory};{RawFileName}"(이전 값: "{CandidateAssemblyFiles};{HintPathFromItem};{TargetFrameworkDirectory}")
       "DefaultSdkResolver" 확인자가 SDK "Microsoft.NET.SDK.WorkloadAutoImportPropsLocator"을(를) 확인하려고 했습니다.
       경고: null
       오류: MSB4276: 디렉터리 "Microsoft.NET.SDK.WorkloadAutoImportPropsLocator"이(가) 없으므로 기본 SDK 확인자가 SDK "C:\Program Files\dotnet\sdk\10.0.300\Sdks\Microsoft.NET.SDK.WorkloadAutoImportPropsLocator\Sdk"을(를) 확인하지 못했습니다.
       Evaluation 동안 로드된 어셈블리: Microsoft.Build.NuGetSdkResolver, Version=7.6.0.0, Culture=neutral, PublicKeyToken=31bf3856ad364e35(위치: C:\Program Files\dotnet\sdk\10.0.300\Microsoft.Build.NuGetSdkResolver.dll, MVID: 151ed02f-1ab6-4f32-8c0a-fe25c317d11a, AssemblyLoadContext: MSBuild plugin C:\Program Files\dotnet\sdk\10.0.300\Microsoft.Build.NuGetSdkResolver.dll)
       Evaluation 동안 로드된 어셈블리: NuGet.Common, Version=7.6.0.0, Culture=neutral, PublicKeyToken=31bf3856ad364e35(위치: C:\Program Files\dotnet\sdk\10.0.300\NuGet.Common.dll, MVID: c7cb08cf-8731-44a8-9d1a-502b05090f5f, AssemblyLoadContext: MSBuild plugin C:\Program Files\dotnet\sdk\10.0.300\Microsoft.Build.NuGetSdkResolver.dll)
       Evaluation 동안 로드된 어셈블리: Microsoft.NET.Sdk.WorkloadMSBuildSdkResolver, Version=10.0.300.0, Culture=neutral, PublicKeyToken=31bf3856ad364e35(위치: C:\Program Files\dotnet\sdk\10.0.300\Microsoft.NET.Sdk.WorkloadMSBuildSdkResolver.dll, MVID: 6bd6f385-a7b5-45e0-b650-8be633ce4495, AssemblyLoadContext: MSBuild plugin C:\Program Files\dotnet\sdk\10.0.300\Microsoft.NET.Sdk.WorkloadMSBuildSdkResolver.dll)
       Evaluation 동안 로드된 어셈블리: Microsoft.DotNet.Cli.CoreUtils, Version=10.0.300.0, Culture=neutral, PublicKeyToken=adb9793829ddae60(위치: C:\Program Files\dotnet\sdk\10.0.300\Microsoft.DotNet.Cli.CoreUtils.dll, MVID: f753002e-04cb-4491-a1be-1eec0e0cda1d, AssemblyLoadContext: MSBuild plugin C:\Program Files\dotnet\sdk\10.0.300\Microsoft.NET.Sdk.WorkloadMSBuildSdkResolver.dll)
       Evaluation 동안 로드된 어셈블리: Microsoft.NET.Sdk.WorkloadManifestReader, Version=10.0.300.0, Culture=neutral, PublicKeyToken=adb9793829ddae60(위치: C:\Program Files\dotnet\sdk\10.0.300\Microsoft.NET.Sdk.WorkloadManifestReader.dll, MVID: b5fad3c7-5665-40f1-9059-7407f11c4a66, AssemblyLoadContext: MSBuild plugin C:\Program Files\dotnet\sdk\10.0.300\Microsoft.NET.Sdk.WorkloadMSBuildSdkResolver.dll)
       Evaluation 동안 로드된 어셈블리: Microsoft.Deployment.DotNet.Releases, Version=2.0.0.0, Culture=neutral, PublicKeyToken=31bf3856ad364e35(위치: C:\Program Files\dotnet\sdk\10.0.300\Microsoft.Deployment.DotNet.Releases.dll, MVID: 2c0d9534-e211-4d4d-9419-0799af0445a8, AssemblyLoadContext: MSBuild plugin C:\Program Files\dotnet\sdk\10.0.300\Microsoft.NET.Sdk.WorkloadMSBuildSdkResolver.dll)
       SDK "Microsoft.NET.SDK.WorkloadAutoImportPropsLocator"이(가) "Microsoft.DotNet.MSBuildWorkloadSdkResolver" 확인자에 의해 "C:\Program Files\dotnet\packs\Microsoft.iOS.Sdk.net9.0_18.0\18.0.9617\Sdk" 위치 및 "null" 버전으로 확인되었습니다.
       Evaluation 동안 로드된 어셈블리: System.Collections.NonGeneric, Version=10.0.0.0, Culture=neutral, PublicKeyToken=b03f5f7f11d50a3a(위치: C:\Program Files\dotnet\shared\Microsoft.NETCore.App\10.0.8\System.Collections.NonGeneric.dll, MVID: 121c3784-89ba-4f3b-a062-599c6d8fa4d6, AssemblyLoadContext: Default)
       "Configuration" 속성은 전역 속성이므로 수정할 수 없습니다.
       "Platform" 속성은 전역 속성이므로 수정할 수 없습니다.
       C:\Program Files\dotnet\sdk\10.0.300\Sdks\Microsoft.NET.Sdk\targets\Microsoft.NET.Sdk.ImportPublishProfile.targets(28,5): message : 속성 재할당: $(PublishProfileImported)=C:\Program Files\dotnet\sdk\10.0.300\Sdks\Microsoft.NET.Sdk\targets\Microsoft.NET.Sdk.ImportPublishProfile.targets (28,5)의 "false"(이전 값: "true")
       Evaluation 동안 로드된 어셈블리: NuGet.Frameworks, Version=7.6.0.0, Culture=neutral, PublicKeyToken=31bf3856ad364e35(위치: C:\Program Files\dotnet\sdk\10.0.300\NuGet.Frameworks.dll, MVID: b71a8488-747b-4ae6-afcc-1671a79bedf7, AssemblyLoadContext: Assembly.LoadFile(C:\Program Files\dotnet\sdk\10.0.300\NuGet.Frameworks.dll))
       C:\Program Files\dotnet\sdk\10.0.300\Sdks\Microsoft.NET.Sdk\targets\Microsoft.NET.TargetFrameworkInference.targets(81,5): message : 속성 재할당: $(TargetPlatformVersion)=C:\Program Files\dotnet\sdk\10.0.300\Sdks\Microsoft.NET.Sdk\targets\Microsoft.NET.TargetFrameworkInference.targets (81,5)의 ""(이전 값: "0.0")
       C:\Program Files\dotnet\sdk\10.0.300\Sdks\Microsoft.NET.Sdk\targets\Microsoft.NET.DefaultOutputPaths.targets(127,5): message : 속성 재할당: $(DefaultItemExcludes)=C:\Program Files\dotnet\sdk\10.0.300\Sdks\Microsoft.NET.Sdk\targets\Microsoft.NET.DefaultOutputPaths.targets (127,5)의 ";bin\Debug\/**;obj\Debug\/**"(이전 값: ";bin\Debug\/**")
       C:\Program Files\dotnet\sdk\10.0.300\Sdks\Microsoft.NET.Sdk\targets\Microsoft.NET.DefaultOutputPaths.targets(142,5): message : 속성 재할당: $(OutputPath)=C:\Program Files\dotnet\sdk\10.0.300\Sdks\Microsoft.NET.Sdk\targets\Microsoft.NET.DefaultOutputPaths.targets (142,5)의 "bin\Debug\net10.0\"(이전 값: "bin\Debug\")
       C:\Program Files\dotnet\sdk\10.0.300\Sdks\Microsoft.NET.Sdk\targets\Microsoft.NET.DefaultOutputPaths.targets(147,5): message : 속성 재할당: $(IntermediateOutputPath)=C:\Program Files\dotnet\sdk\10.0.300\Sdks\Microsoft.NET.Sdk\targets\Microsoft.NET.DefaultOutputPaths.targets (147,5)의 "obj\Debug\net10.0\"(이전 값: "obj\Debug\")
       "DefaultSdkResolver" 확인자가 SDK "Microsoft.NET.SDK.WorkloadManifestTargetsLocator"을(를) 확인하려고 했습니다.
       경고: null
       오류: MSB4276: 디렉터리 "Microsoft.NET.SDK.WorkloadManifestTargetsLocator"이(가) 없으므로 기본 SDK 확인자가 SDK "C:\Program Files\dotnet\sdk\10.0.300\Sdks\Microsoft.NET.SDK.WorkloadManifestTargetsLocator\Sdk"을(를) 확인하지 못했습니다.
       SDK "Microsoft.NET.SDK.WorkloadManifestTargetsLocator"이(가) "Microsoft.DotNet.MSBuildWorkloadSdkResolver" 확인자에 의해 "C:\Program Files\dotnet\sdk-manifests\10.0.100\microsoft.net.sdk.android\36.1.43" 위치 및 "null" 버전으로 확인되었습니다.
       C:\Program Files\dotnet\sdk\10.0.300\Sdks\Microsoft.NET.Sdk\targets\Microsoft.NET.Sdk.BeforeCommon.targets(379,5): message : 속성 재할당: $(RoslynTargetsPath)=C:\Program Files\dotnet\sdk\10.0.300\Sdks\Microsoft.NET.Sdk\targets\Microsoft.NET.Sdk.BeforeCommon.targets (379,5)의 "C:\Program Files\dotnet\sdk\10.0.300\Sdks\Microsoft.NET.Sdk\targets\..\..\..\Roslyn"(이전 값: "C:\Program Files\dotnet\sdk\10.0.300\Roslyn")
       C:\Program Files\dotnet\sdk\10.0.300\Roslyn\Microsoft.Managed.Core.targets(6,5): message : 속성 재할당: $(_BuildTasksDirectory)=C:\Program Files\dotnet\sdk\10.0.300\Roslyn\Microsoft.Managed.Core.targets (6,5)의 "C:\Program Files\dotnet\sdk\10.0.300\Sdks\Microsoft.NET.Sdk\targets\..\..\..\Roslyn\"(이전 값: "C:\Program Files\dotnet\sdk\10.0.300\Roslyn\")
       C:\Program Files\dotnet\sdk\10.0.300\Roslyn\Microsoft.CSharp.Core.targets(213,5): message : 속성 재할당: $(CommandLineArgsForDesignTimeEvaluation)=C:\Program Files\dotnet\sdk\10.0.300\Roslyn\Microsoft.CSharp.Core.targets (213,5)의 "-langversion:latest -define:TRACE"(이전 값: "-langversion:latest")
       "Platform" 속성은 전역 속성이므로 수정할 수 없습니다.
       "Configuration" 속성은 전역 속성이므로 수정할 수 없습니다.
       C:\Program Files\dotnet\sdk\10.0.300\Microsoft.Common.CurrentVersion.targets(175,5): message : 속성 재할당: $(_DebugSymbolsProduced)=C:\Program Files\dotnet\sdk\10.0.300\Microsoft.Common.CurrentVersion.targets (175,5)의 "true"(이전 값: "false")
       C:\Program Files\dotnet\sdk\10.0.300\Microsoft.Common.CurrentVersion.targets(185,5): message : 속성 재할당: $(_DocumentationFileProduced)=C:\Program Files\dotnet\sdk\10.0.300\Microsoft.Common.CurrentVersion.targets (185,5)의 "false"(이전 값: "true")
       "SolutionName" 속성은 전역 속성이므로 수정할 수 없습니다.
       "SolutionFileName" 속성은 전역 속성이므로 수정할 수 없습니다.
       "SolutionPath" 속성은 전역 속성이므로 수정할 수 없습니다.
       "SolutionDir" 속성은 전역 속성이므로 수정할 수 없습니다.
       "SolutionExt" 속성은 전역 속성이므로 수정할 수 없습니다.
       C:\Program Files\dotnet\sdk\10.0.300\Microsoft.Common.CurrentVersion.targets(392,5): message : 속성 재할당: $(MSBuildCopyMarkerName)=C:\Program Files\dotnet\sdk\10.0.300\Microsoft.Common.CurrentVersion.targets (392,5)의 "RouteGen.DFFA2589"(이전 값: "RouteGenerator.csproj")
       C:\Program Files\dotnet\sdk\10.0.300\Microsoft.Common.CurrentVersion.targets(393,5): message : 속성 재할당: $(MSBuildCopyMarkerName)=C:\Program Files\dotnet\sdk\10.0.300\Microsoft.Common.CurrentVersion.targets (393,5)의 "RouteGen.DFFA2589.Up2Date"(이전 값: "RouteGen.DFFA2589")
       C:\Program Files\dotnet\sdk\10.0.300\Microsoft.Common.CurrentVersion.targets(541,5): message : 속성 재할당: $(ProcessorArchitecture)=C:\Program Files\dotnet\sdk\10.0.300\Microsoft.Common.CurrentVersion.targets (541,5)의 "msil"(이전 값: "")
       C:\Program Files\dotnet\sdk\10.0.300\Microsoft.Common.CurrentVersion.targets(580,5): message : 속성 재할당: $(DelaySign)=C:\Program Files\dotnet\sdk\10.0.300\Microsoft.Common.CurrentVersion.targets (580,5)의 ""(이전 값: "false")
       C:\Program Files\dotnet\sdk\10.0.300\Microsoft.Common.CurrentVersion.targets(2622,5): message : 환경에서 값이 'LOCALAPPDATA'인 속성 'C:\Users\Soletop\AppData\Local'이(가) 확장되었습니다.
       C:\Program Files\dotnet\sdk\10.0.300\Microsoft.Common.CurrentVersion.targets(3950,5): message : 속성 재할당: $(_SGenGenerateSerializationAssembliesConfig)=C:\Program Files\dotnet\sdk\10.0.300\Microsoft.Common.CurrentVersion.targets (3950,5)의 "Auto"(이전 값: "")
       C:\Program Files\dotnet\sdk\10.0.300\Microsoft.Common.CurrentVersion.targets(3951,5): message : 속성 재할당: $(_SGenGenerateSerializationAssembliesConfig)=C:\Program Files\dotnet\sdk\10.0.300\Microsoft.Common.CurrentVersion.targets (3951,5)의 "Off"(이전 값: "Auto")
       C:\Program Files\dotnet\sdk\10.0.300\Microsoft.Common.CurrentVersion.targets(5162,5): message : 속성 재할당: $(_TargetsThatPrepareProjectReferences)=C:\Program Files\dotnet\sdk\10.0.300\Microsoft.Common.CurrentVersion.targets (5162,5)의 "
       C:\Program Files\dotnet\sdk\10.0.300\Microsoft.Common.CurrentVersion.targets(5162,5): message :       AssignProjectConfiguration;
       C:\Program Files\dotnet\sdk\10.0.300\Microsoft.Common.CurrentVersion.targets(5162,5): message :       _SplitProjectReferencesByFileExistence
       C:\Program Files\dotnet\sdk\10.0.300\Microsoft.Common.CurrentVersion.targets(5162,5): message :     "(이전 값: "_SplitProjectReferencesByFileExistence")
       C:\Program Files\dotnet\sdk\10.0.300\Microsoft.Common.CurrentVersion.targets(6975,5): message : 환경에서 값이 'MSBuildExtensionsPath32'인 속성 'C:\Program Files\dotnet\sdk\10.0.300'이(가) 확장되었습니다.
       "_RestoreSolutionFileUsed" 속성은 전역 속성이므로 수정할 수 없습니다.
       "NuGetInteractive" 속성은 전역 속성이므로 수정할 수 없습니다.
       C:\Program Files\dotnet\sdk\10.0.300\NuGet.targets(125,5): message : 속성 재할당: $(_GenerateRestoreGraphProjectEntryInputProperties)=C:\Program Files\dotnet\sdk\10.0.300\NuGet.targets (125,5)의 "
       C:\Program Files\dotnet\sdk\10.0.300\NuGet.targets(125,5): message :       ExcludeRestorePackageImports=true;
       C:\Program Files\dotnet\sdk\10.0.300\NuGet.targets(125,5): message :       _RestoreSolutionFileUsed=true;
       C:\Program Files\dotnet\sdk\10.0.300\NuGet.targets(125,5): message :       SolutionDir=F:\USER\Csharp.NET\Code-Generator\;
       C:\Program Files\dotnet\sdk\10.0.300\NuGet.targets(125,5): message :       SolutionName=CodeGenerator;
       C:\Program Files\dotnet\sdk\10.0.300\NuGet.targets(125,5): message :       SolutionFileName=CodeGenerator.sln;
       C:\Program Files\dotnet\sdk\10.0.300\NuGet.targets(125,5): message :       SolutionPath=F:\USER\Csharp.NET\Code-Generator\CodeGenerator.sln;
       C:\Program Files\dotnet\sdk\10.0.300\NuGet.targets(125,5): message :       SolutionExt=.sln;
       C:\Program Files\dotnet\sdk\10.0.300\NuGet.targets(125,5): message :     "(이전 값: "ExcludeRestorePackageImports=true")
       C:\Program Files\dotnet\sdk\10.0.300\Sdks\Microsoft.NET.Sdk\targets\Microsoft.PackageDependencyResolution.targets(24,5): message : 속성 재할당: $(ProjectAssetsFile)=C:\Program Files\dotnet\sdk\10.0.300\Sdks\Microsoft.NET.Sdk\targets\Microsoft.PackageDependencyResolution.targets (24,5)의 "F:\USER\Csharp.NET\Code-Generator\src\RouteGenerator\obj\project.assets.json"(이전 값: "F:\USER\Csharp.NET\Code-Generator\src\RouteGenerator\obj\/project.assets.json")
       C:\Program Files\dotnet\sdk\10.0.300\Sdks\Microsoft.NET.Sdk\targets\Microsoft.PackageDependencyResolution.targets(29,5): message : 속성 재할당: $(ProjectAssetsCacheFile)=C:\Program Files\dotnet\sdk\10.0.300\Sdks\Microsoft.NET.Sdk\targets\Microsoft.PackageDependencyResolution.targets (29,5)의 "F:\USER\Csharp.NET\Code-Generator\src\RouteGenerator\obj\Debug\net10.0\RouteGenerator.assets.cache"(이전 값: "obj\Debug\net10.0\RouteGenerator.assets.cache")
       C:\Program Files\dotnet\sdk\10.0.300\Sdks\Microsoft.NET.Sdk\targets\Microsoft.PackageDependencyResolution.targets(80,5): message : 속성 재할당: $(ResolveAssemblyReferencesDependsOn)=C:\Program Files\dotnet\sdk\10.0.300\Sdks\Microsoft.NET.Sdk\targets\Microsoft.PackageDependencyResolution.targets (80,5)의 "
       C:\Program Files\dotnet\sdk\10.0.300\Sdks\Microsoft.NET.Sdk\targets\Microsoft.PackageDependencyResolution.targets(80,5): message :       
       C:\Program Files\dotnet\sdk\10.0.300\Sdks\Microsoft.NET.Sdk\targets\Microsoft.PackageDependencyResolution.targets(80,5): message :       ResolveProjectReferences;
       C:\Program Files\dotnet\sdk\10.0.300\Sdks\Microsoft.NET.Sdk\targets\Microsoft.PackageDependencyResolution.targets(80,5): message :       FindInvalidProjectReferences;
       C:\Program Files\dotnet\sdk\10.0.300\Sdks\Microsoft.NET.Sdk\targets\Microsoft.PackageDependencyResolution.targets(80,5): message :       GetFrameworkPaths;
       C:\Program Files\dotnet\sdk\10.0.300\Sdks\Microsoft.NET.Sdk\targets\Microsoft.PackageDependencyResolution.targets(80,5): message :       GetReferenceAssemblyPaths;
       C:\Program Files\dotnet\sdk\10.0.300\Sdks\Microsoft.NET.Sdk\targets\Microsoft.PackageDependencyResolution.targets(80,5): message :       PrepareForBuild;
       C:\Program Files\dotnet\sdk\10.0.300\Sdks\Microsoft.NET.Sdk\targets\Microsoft.PackageDependencyResolution.targets(80,5): message :       ResolveSDKReferences;
       C:\Program Files\dotnet\sdk\10.0.300\Sdks\Microsoft.NET.Sdk\targets\Microsoft.PackageDependencyResolution.targets(80,5): message :       ExpandSDKReferences;
       C:\Program Files\dotnet\sdk\10.0.300\Sdks\Microsoft.NET.Sdk\targets\Microsoft.PackageDependencyResolution.targets(80,5): message :     ;
       C:\Program Files\dotnet\sdk\10.0.300\Sdks\Microsoft.NET.Sdk\targets\Microsoft.PackageDependencyResolution.targets(80,5): message :       ResolvePackageDependenciesForBuild;
       C:\Program Files\dotnet\sdk\10.0.300\Sdks\Microsoft.NET.Sdk\targets\Microsoft.PackageDependencyResolution.targets(80,5): message :       _HandlePackageFileConflicts;
       C:\Program Files\dotnet\sdk\10.0.300\Sdks\Microsoft.NET.Sdk\targets\Microsoft.PackageDependencyResolution.targets(80,5): message :     "(이전 값: "
       C:\Program Files\dotnet\sdk\10.0.300\Sdks\Microsoft.NET.Sdk\targets\Microsoft.PackageDependencyResolution.targets(80,5): message :       ResolveProjectReferences;
       C:\Program Files\dotnet\sdk\10.0.300\Sdks\Microsoft.NET.Sdk\targets\Microsoft.PackageDependencyResolution.targets(80,5): message :       FindInvalidProjectReferences;
       C:\Program Files\dotnet\sdk\10.0.300\Sdks\Microsoft.NET.Sdk\targets\Microsoft.PackageDependencyResolution.targets(80,5): message :       GetFrameworkPaths;
       C:\Program Files\dotnet\sdk\10.0.300\Sdks\Microsoft.NET.Sdk\targets\Microsoft.PackageDependencyResolution.targets(80,5): message :       GetReferenceAssemblyPaths;
       C:\Program Files\dotnet\sdk\10.0.300\Sdks\Microsoft.NET.Sdk\targets\Microsoft.PackageDependencyResolution.targets(80,5): message :       PrepareForBuild;
       C:\Program Files\dotnet\sdk\10.0.300\Sdks\Microsoft.NET.Sdk\targets\Microsoft.PackageDependencyResolution.targets(80,5): message :       ResolveSDKReferences;
       C:\Program Files\dotnet\sdk\10.0.300\Sdks\Microsoft.NET.Sdk\targets\Microsoft.PackageDependencyResolution.targets(80,5): message :       ExpandSDKReferences;
       C:\Program Files\dotnet\sdk\10.0.300\Sdks\Microsoft.NET.Sdk\targets\Microsoft.PackageDependencyResolution.targets(80,5): message :     ")
       C:\Program Files\dotnet\sdk\10.0.300\Sdks\Microsoft.NET.Sdk\targets\Microsoft.PackageDependencyResolution.targets(86,5): message : 속성 재할당: $(PrepareResourcesDependsOn)=C:\Program Files\dotnet\sdk\10.0.300\Sdks\Microsoft.NET.Sdk\targets\Microsoft.PackageDependencyResolution.targets (86,5)의 "
       C:\Program Files\dotnet\sdk\10.0.300\Sdks\Microsoft.NET.Sdk\targets\Microsoft.PackageDependencyResolution.targets(86,5): message :       ResolvePackageDependenciesForBuild;
       C:\Program Files\dotnet\sdk\10.0.300\Sdks\Microsoft.NET.Sdk\targets\Microsoft.PackageDependencyResolution.targets(86,5): message :       _HandlePackageFileConflicts;
       C:\Program Files\dotnet\sdk\10.0.300\Sdks\Microsoft.NET.Sdk\targets\Microsoft.PackageDependencyResolution.targets(86,5): message :       
       C:\Program Files\dotnet\sdk\10.0.300\Sdks\Microsoft.NET.Sdk\targets\Microsoft.PackageDependencyResolution.targets(86,5): message :       ;
       C:\Program Files\dotnet\sdk\10.0.300\Sdks\Microsoft.NET.Sdk\targets\Microsoft.PackageDependencyResolution.targets(86,5): message :       PrepareResourceNames;
       C:\Program Files\dotnet\sdk\10.0.300\Sdks\Microsoft.NET.Sdk\targets\Microsoft.PackageDependencyResolution.targets(86,5): message :       ResGen;
       C:\Program Files\dotnet\sdk\10.0.300\Sdks\Microsoft.NET.Sdk\targets\Microsoft.PackageDependencyResolution.targets(86,5): message :       CompileLicxFiles
       C:\Program Files\dotnet\sdk\10.0.300\Sdks\Microsoft.NET.Sdk\targets\Microsoft.PackageDependencyResolution.targets(86,5): message :     
       C:\Program Files\dotnet\sdk\10.0.300\Sdks\Microsoft.NET.Sdk\targets\Microsoft.PackageDependencyResolution.targets(86,5): message :     "(이전 값: "
       C:\Program Files\dotnet\sdk\10.0.300\Sdks\Microsoft.NET.Sdk\targets\Microsoft.PackageDependencyResolution.targets(86,5): message :       ;
       C:\Program Files\dotnet\sdk\10.0.300\Sdks\Microsoft.NET.Sdk\targets\Microsoft.PackageDependencyResolution.targets(86,5): message :       PrepareResourceNames;
       C:\Program Files\dotnet\sdk\10.0.300\Sdks\Microsoft.NET.Sdk\targets\Microsoft.PackageDependencyResolution.targets(86,5): message :       ResGen;
       C:\Program Files\dotnet\sdk\10.0.300\Sdks\Microsoft.NET.Sdk\targets\Microsoft.PackageDependencyResolution.targets(86,5): message :       CompileLicxFiles
       C:\Program Files\dotnet\sdk\10.0.300\Sdks\Microsoft.NET.Sdk\targets\Microsoft.PackageDependencyResolution.targets(86,5): message :     ")
       C:\Program Files\dotnet\sdk\10.0.300\Sdks\Microsoft.NET.Sdk\targets\Microsoft.NET.Sdk.DefaultItems.targets(35,5): message : 속성 재할당: $(DefaultItemExcludes)=C:\Program Files\dotnet\sdk\10.0.300\Sdks\Microsoft.NET.Sdk\targets\Microsoft.NET.Sdk.DefaultItems.targets (35,5)의 ";bin\Debug\/**;obj\Debug\/**;bin\/**"(이전 값: ";bin\Debug\/**;obj\Debug\/**")
       C:\Program Files\dotnet\sdk\10.0.300\Sdks\Microsoft.NET.Sdk\targets\Microsoft.NET.Sdk.DefaultItems.targets(37,5): message : 속성 재할당: $(DefaultItemExcludes)=C:\Program Files\dotnet\sdk\10.0.300\Sdks\Microsoft.NET.Sdk\targets\Microsoft.NET.Sdk.DefaultItems.targets (37,5)의 ";bin\Debug\/**;obj\Debug\/**;bin\/**;obj\/**"(이전 값: ";bin\Debug\/**;obj\Debug\/**;bin\/**")
       C:\Program Files\dotnet\sdk\10.0.300\Sdks\Microsoft.NET.Sdk\targets\Microsoft.NET.Sdk.DefaultItems.targets(41,5): message : 속성 재할당: $(DefaultItemExcludes)=C:\Program Files\dotnet\sdk\10.0.300\Sdks\Microsoft.NET.Sdk\targets\Microsoft.NET.Sdk.DefaultItems.targets (41,5)의 ";bin\Debug\/**;obj\Debug\/**;bin\/**;obj\/**;bin\Debug\net10.0\publish\/**"(이전 값: ";bin\Debug\/**;obj\Debug\/**;bin\/**;obj\/**")
       C:\Program Files\dotnet\sdk\10.0.300\Sdks\Microsoft.NET.Sdk\targets\Microsoft.NET.Sdk.DefaultItems.targets(44,5): message : 속성 재할당: $(DefaultItemExcludes)=C:\Program Files\dotnet\sdk\10.0.300\Sdks\Microsoft.NET.Sdk\targets\Microsoft.NET.Sdk.DefaultItems.targets (44,5)의 ";bin\Debug\/**;obj\Debug\/**;bin\/**;obj\/**;bin\Debug\net10.0\publish\/**;**/*.user"(이전 값: ";bin\Debug\/**;obj\Debug\/**;bin\/**;obj\/**;bin\Debug\net10.0\publish\/**")
       C:\Program Files\dotnet\sdk\10.0.300\Sdks\Microsoft.NET.Sdk\targets\Microsoft.NET.Sdk.DefaultItems.targets(45,5): message : 속성 재할당: $(DefaultItemExcludes)=C:\Program Files\dotnet\sdk\10.0.300\Sdks\Microsoft.NET.Sdk\targets\Microsoft.NET.Sdk.DefaultItems.targets (45,5)의 ";bin\Debug\/**;obj\Debug\/**;bin\/**;obj\/**;bin\Debug\net10.0\publish\/**;**/*.user;**/*.*proj"(이전 값: ";bin\Debug\/**;obj\Debug\/**;bin\/**;obj\/**;bin\Debug\net10.0\publish\/**;**/*.user")
       C:\Program Files\dotnet\sdk\10.0.300\Sdks\Microsoft.NET.Sdk\targets\Microsoft.NET.Sdk.DefaultItems.targets(46,5): message : 속성 재할당: $(DefaultItemExcludes)=C:\Program Files\dotnet\sdk\10.0.300\Sdks\Microsoft.NET.Sdk\targets\Microsoft.NET.Sdk.DefaultItems.targets (46,5)의 ";bin\Debug\/**;obj\Debug\/**;bin\/**;obj\/**;bin\Debug\net10.0\publish\/**;**/*.user;**/*.*proj;**/*.sln"(이전 값: ";bin\Debug\/**;obj\Debug\/**;bin\/**;obj\/**;bin\Debug\net10.0\publish\/**;**/*.user;**/*.*proj")
       C:\Program Files\dotnet\sdk\10.0.300\Sdks\Microsoft.NET.Sdk\targets\Microsoft.NET.Sdk.DefaultItems.targets(47,5): message : 속성 재할당: $(DefaultItemExcludes)=C:\Program Files\dotnet\sdk\10.0.300\Sdks\Microsoft.NET.Sdk\targets\Microsoft.NET.Sdk.DefaultItems.targets (47,5)의 ";bin\Debug\/**;obj\Debug\/**;bin\/**;obj\/**;bin\Debug\net10.0\publish\/**;**/*.user;**/*.*proj;**/*.sln;**/*.slnx"(이전 값: ";bin\Debug\/**;obj\Debug\/**;bin\/**;obj\/**;bin\Debug\net10.0\publish\/**;**/*.user;**/*.*proj;**/*.sln")
       C:\Program Files\dotnet\sdk\10.0.300\Sdks\Microsoft.NET.Sdk\targets\Microsoft.NET.Sdk.DefaultItems.targets(48,5): message : 속성 재할당: $(DefaultItemExcludes)=C:\Program Files\dotnet\sdk\10.0.300\Sdks\Microsoft.NET.Sdk\targets\Microsoft.NET.Sdk.DefaultItems.targets (48,5)의 ";bin\Debug\/**;obj\Debug\/**;bin\/**;obj\/**;bin\Debug\net10.0\publish\/**;**/*.user;**/*.*proj;**/*.sln;**/*.slnx;**/*.vssscc"(이전 값: ";bin\Debug\/**;obj\Debug\/**;bin\/**;obj\/**;bin\Debug\net10.0\publish\/**;**/*.user;**/*.*proj;**/*.sln;**/*.slnx")
       C:\Program Files\dotnet\sdk\10.0.300\Sdks\Microsoft.NET.Sdk\targets\Microsoft.NET.Sdk.DefaultItems.targets(49,5): message : 속성 재할당: $(DefaultItemExcludes)=C:\Program Files\dotnet\sdk\10.0.300\Sdks\Microsoft.NET.Sdk\targets\Microsoft.NET.Sdk.DefaultItems.targets (49,5)의 ";bin\Debug\/**;obj\Debug\/**;bin\/**;obj\/**;bin\Debug\net10.0\publish\/**;**/*.user;**/*.*proj;**/*.sln;**/*.slnx;**/*.vssscc;**/.DS_Store"(이전 값: ";bin\Debug\/**;obj\Debug\/**;bin\/**;obj\/**;bin\Debug\net10.0\publish\/**;**/*.user;**/*.*proj;**/*.sln;**/*.slnx;**/*.vssscc")
       C:\Program Files\dotnet\sdk\10.0.300\Sdks\Microsoft.NET.Sdk\targets\Microsoft.NET.Sdk.FrameworkReferenceResolution.targets(14,5): message : 속성 재할당: $(ResolveAssemblyReferencesDependsOn)=C:\Program Files\dotnet\sdk\10.0.300\Sdks\Microsoft.NET.Sdk\targets\Microsoft.NET.Sdk.FrameworkReferenceResolution.targets (14,5)의 "
       C:\Program Files\dotnet\sdk\10.0.300\Sdks\Microsoft.NET.Sdk\targets\Microsoft.NET.Sdk.FrameworkReferenceResolution.targets(14,5): message :       
       C:\Program Files\dotnet\sdk\10.0.300\Sdks\Microsoft.NET.Sdk\targets\Microsoft.NET.Sdk.FrameworkReferenceResolution.targets(14,5): message :       
       C:\Program Files\dotnet\sdk\10.0.300\Sdks\Microsoft.NET.Sdk\targets\Microsoft.NET.Sdk.FrameworkReferenceResolution.targets(14,5): message :       ResolveProjectReferences;
       C:\Program Files\dotnet\sdk\10.0.300\Sdks\Microsoft.NET.Sdk\targets\Microsoft.NET.Sdk.FrameworkReferenceResolution.targets(14,5): message :       FindInvalidProjectReferences;
       C:\Program Files\dotnet\sdk\10.0.300\Sdks\Microsoft.NET.Sdk\targets\Microsoft.NET.Sdk.FrameworkReferenceResolution.targets(14,5): message :       GetFrameworkPaths;
       C:\Program Files\dotnet\sdk\10.0.300\Sdks\Microsoft.NET.Sdk\targets\Microsoft.NET.Sdk.FrameworkReferenceResolution.targets(14,5): message :       GetReferenceAssemblyPaths;
       C:\Program Files\dotnet\sdk\10.0.300\Sdks\Microsoft.NET.Sdk\targets\Microsoft.NET.Sdk.FrameworkReferenceResolution.targets(14,5): message :       PrepareForBuild;
       C:\Program Files\dotnet\sdk\10.0.300\Sdks\Microsoft.NET.Sdk\targets\Microsoft.NET.Sdk.FrameworkReferenceResolution.targets(14,5): message :       ResolveSDKReferences;
       C:\Program Files\dotnet\sdk\10.0.300\Sdks\Microsoft.NET.Sdk\targets\Microsoft.NET.Sdk.FrameworkReferenceResolution.targets(14,5): message :       ExpandSDKReferences;
       C:\Program Files\dotnet\sdk\10.0.300\Sdks\Microsoft.NET.Sdk\targets\Microsoft.NET.Sdk.FrameworkReferenceResolution.targets(14,5): message :     ;
       C:\Program Files\dotnet\sdk\10.0.300\Sdks\Microsoft.NET.Sdk\targets\Microsoft.NET.Sdk.FrameworkReferenceResolution.targets(14,5): message :       ResolvePackageDependenciesForBuild;
       C:\Program Files\dotnet\sdk\10.0.300\Sdks\Microsoft.NET.Sdk\targets\Microsoft.NET.Sdk.FrameworkReferenceResolution.targets(14,5): message :       _HandlePackageFileConflicts;
       C:\Program Files\dotnet\sdk\10.0.300\Sdks\Microsoft.NET.Sdk\targets\Microsoft.NET.Sdk.FrameworkReferenceResolution.targets(14,5): message :     ;
       C:\Program Files\dotnet\sdk\10.0.300\Sdks\Microsoft.NET.Sdk\targets\Microsoft.NET.Sdk.FrameworkReferenceResolution.targets(14,5): message :       ResolveTargetingPackAssets;
       C:\Program Files\dotnet\sdk\10.0.300\Sdks\Microsoft.NET.Sdk\targets\Microsoft.NET.Sdk.FrameworkReferenceResolution.targets(14,5): message :     "(이전 값: "
       C:\Program Files\dotnet\sdk\10.0.300\Sdks\Microsoft.NET.Sdk\targets\Microsoft.NET.Sdk.FrameworkReferenceResolution.targets(14,5): message :       
       C:\Program Files\dotnet\sdk\10.0.300\Sdks\Microsoft.NET.Sdk\targets\Microsoft.NET.Sdk.FrameworkReferenceResolution.targets(14,5): message :       ResolveProjectReferences;
       C:\Program Files\dotnet\sdk\10.0.300\Sdks\Microsoft.NET.Sdk\targets\Microsoft.NET.Sdk.FrameworkReferenceResolution.targets(14,5): message :       FindInvalidProjectReferences;
       C:\Program Files\dotnet\sdk\10.0.300\Sdks\Microsoft.NET.Sdk\targets\Microsoft.NET.Sdk.FrameworkReferenceResolution.targets(14,5): message :       GetFrameworkPaths;
       C:\Program Files\dotnet\sdk\10.0.300\Sdks\Microsoft.NET.Sdk\targets\Microsoft.NET.Sdk.FrameworkReferenceResolution.targets(14,5): message :       GetReferenceAssemblyPaths;
       C:\Program Files\dotnet\sdk\10.0.300\Sdks\Microsoft.NET.Sdk\targets\Microsoft.NET.Sdk.FrameworkReferenceResolution.targets(14,5): message :       PrepareForBuild;
       C:\Program Files\dotnet\sdk\10.0.300\Sdks\Microsoft.NET.Sdk\targets\Microsoft.NET.Sdk.FrameworkReferenceResolution.targets(14,5): message :       ResolveSDKReferences;
       C:\Program Files\dotnet\sdk\10.0.300\Sdks\Microsoft.NET.Sdk\targets\Microsoft.NET.Sdk.FrameworkReferenceResolution.targets(14,5): message :       ExpandSDKReferences;
       C:\Program Files\dotnet\sdk\10.0.300\Sdks\Microsoft.NET.Sdk\targets\Microsoft.NET.Sdk.FrameworkReferenceResolution.targets(14,5): message :     ;
       C:\Program Files\dotnet\sdk\10.0.300\Sdks\Microsoft.NET.Sdk\targets\Microsoft.NET.Sdk.FrameworkReferenceResolution.targets(14,5): message :       ResolvePackageDependenciesForBuild;
       C:\Program Files\dotnet\sdk\10.0.300\Sdks\Microsoft.NET.Sdk\targets\Microsoft.NET.Sdk.FrameworkReferenceResolution.targets(14,5): message :       _HandlePackageFileConflicts;
       C:\Program Files\dotnet\sdk\10.0.300\Sdks\Microsoft.NET.Sdk\targets\Microsoft.NET.Sdk.FrameworkReferenceResolution.targets(14,5): message :     ")
       C:\Program Files\dotnet\sdk\10.0.300\Sdks\Microsoft.NET.Sdk\targets\Microsoft.NET.Sdk.targets(44,5): message : 속성 재할당: $(_GenerateRuntimeConfigurationPropertyInputsCache)=C:\Program Files\dotnet\sdk\10.0.300\Sdks\Microsoft.NET.Sdk\targets\Microsoft.NET.Sdk.targets (44,5)의 "F:\USER\Csharp.NET\Code-Generator\src\RouteGenerator\obj\Debug\net10.0\RouteGenerator.genruntimeconfig.cache"(이전 값: "obj\Debug\net10.0\RouteGenerator.genruntimeconfig.cache")
       C:\Program Files\dotnet\sdk\10.0.300\Sdks\Microsoft.NET.Sdk\targets\Microsoft.NET.Sdk.targets(46,5): message : 속성 재할당: $(_GeneratePublishDependencyFilePropertyInputsCache)=C:\Program Files\dotnet\sdk\10.0.300\Sdks\Microsoft.NET.Sdk\targets\Microsoft.NET.Sdk.targets (46,5)의 "F:\USER\Csharp.NET\Code-Generator\src\RouteGenerator\obj\Debug\net10.0\RouteGenerator.genpublishdeps.cache"(이전 값: "obj\Debug\net10.0\RouteGenerator.genpublishdeps.cache")
       C:\Program Files\dotnet\sdk\10.0.300\Sdks\Microsoft.NET.Sdk\targets\Microsoft.NET.Sdk.targets(48,5): message : 속성 재할당: $(_GenerateSingleFileBundlePropertyInputsCache)=C:\Program Files\dotnet\sdk\10.0.300\Sdks\Microsoft.NET.Sdk\targets\Microsoft.NET.Sdk.targets (48,5)의 "F:\USER\Csharp.NET\Code-Generator\src\RouteGenerator\obj\Debug\net10.0\RouteGenerator.genbundle.cache"(이전 값: "obj\Debug\net10.0\RouteGenerator.genbundle.cache")
       C:\Program Files\dotnet\sdk\10.0.300\Sdks\Microsoft.NET.Sdk\targets\Microsoft.NET.Sdk.targets(81,5): message : 속성 재할당: $(GenerateRuntimeConfigDevFile)=C:\Program Files\dotnet\sdk\10.0.300\Sdks\Microsoft.NET.Sdk\targets\Microsoft.NET.Sdk.targets (81,5)의 "false"(이전 값: "true")
       C:\Program Files\dotnet\sdk\10.0.300\Sdks\Microsoft.NET.Sdk\targets\Microsoft.NET.Sdk.targets(98,5): message : 환경에서 값이 'USERPROFILE'인 속성 'C:\Users\Soletop'이(가) 확장되었습니다.
       C:\Program Files\dotnet\sdk\10.0.300\Sdks\Microsoft.NET.Sdk\targets\Microsoft.NET.Sdk.targets(98,5): message : 속성 재할당: $(_DefaultUserProfileRuntimeStorePath)=C:\Program Files\dotnet\sdk\10.0.300\Sdks\Microsoft.NET.Sdk\targets\Microsoft.NET.Sdk.targets (98,5)의 "C:\Users\Soletop"(이전 값: "")
       C:\Program Files\dotnet\sdk\10.0.300\Sdks\Microsoft.NET.Sdk\targets\Microsoft.NET.Sdk.targets(99,5): message : 속성 재할당: $(_DefaultUserProfileRuntimeStorePath)=C:\Program Files\dotnet\sdk\10.0.300\Sdks\Microsoft.NET.Sdk\targets\Microsoft.NET.Sdk.targets (99,5)의 "C:\Users\Soletop\.dotnet\store"(이전 값: "C:\Users\Soletop")
       C:\Program Files\dotnet\sdk\10.0.300\Sdks\Microsoft.NET.Sdk\targets\Microsoft.NET.Sdk.targets(144,5): message : 속성 재할당: $(AvailablePlatforms)=C:\Program Files\dotnet\sdk\10.0.300\Sdks\Microsoft.NET.Sdk\targets\Microsoft.NET.Sdk.targets (144,5)의 "Any CPU,x86,x64,ARM32"(이전 값: "Any CPU,x86,x64")
       C:\Program Files\dotnet\sdk\10.0.300\Sdks\Microsoft.NET.Sdk\targets\Microsoft.NET.Sdk.targets(148,5): message : 속성 재할당: $(AvailablePlatforms)=C:\Program Files\dotnet\sdk\10.0.300\Sdks\Microsoft.NET.Sdk\targets\Microsoft.NET.Sdk.targets (148,5)의 "Any CPU,x86,x64,ARM32,ARM64"(이전 값: "Any CPU,x86,x64,ARM32")
       C:\Program Files\dotnet\sdk\10.0.300\Sdks\Microsoft.NET.Sdk\targets\Microsoft.NET.Sdk.targets(204,5): message : 속성 재할당: $(CoreBuildDependsOn)=C:\Program Files\dotnet\sdk\10.0.300\Sdks\Microsoft.NET.Sdk\targets\Microsoft.NET.Sdk.targets (204,5)의 "
       C:\Program Files\dotnet\sdk\10.0.300\Sdks\Microsoft.NET.Sdk\targets\Microsoft.NET.Sdk.targets(204,5): message :       _CheckForBuildWithNoBuild;
       C:\Program Files\dotnet\sdk\10.0.300\Sdks\Microsoft.NET.Sdk\targets\Microsoft.NET.Sdk.targets(204,5): message :       
       C:\Program Files\dotnet\sdk\10.0.300\Sdks\Microsoft.NET.Sdk\targets\Microsoft.NET.Sdk.targets(204,5): message :       BuildOnlySettings;
       C:\Program Files\dotnet\sdk\10.0.300\Sdks\Microsoft.NET.Sdk\targets\Microsoft.NET.Sdk.targets(204,5): message :       PrepareForBuild;
       C:\Program Files\dotnet\sdk\10.0.300\Sdks\Microsoft.NET.Sdk\targets\Microsoft.NET.Sdk.targets(204,5): message :       PreBuildEvent;
       C:\Program Files\dotnet\sdk\10.0.300\Sdks\Microsoft.NET.Sdk\targets\Microsoft.NET.Sdk.targets(204,5): message :       ResolveReferences;
       C:\Program Files\dotnet\sdk\10.0.300\Sdks\Microsoft.NET.Sdk\targets\Microsoft.NET.Sdk.targets(204,5): message :       PrepareResources;
       C:\Program Files\dotnet\sdk\10.0.300\Sdks\Microsoft.NET.Sdk\targets\Microsoft.NET.Sdk.targets(204,5): message :       ResolveKeySource;
       C:\Program Files\dotnet\sdk\10.0.300\Sdks\Microsoft.NET.Sdk\targets\Microsoft.NET.Sdk.targets(204,5): message :       Compile;
       C:\Program Files\dotnet\sdk\10.0.300\Sdks\Microsoft.NET.Sdk\targets\Microsoft.NET.Sdk.targets(204,5): message :       ExportWindowsMDFile;
       C:\Program Files\dotnet\sdk\10.0.300\Sdks\Microsoft.NET.Sdk\targets\Microsoft.NET.Sdk.targets(204,5): message :       UnmanagedUnregistration;
       C:\Program Files\dotnet\sdk\10.0.300\Sdks\Microsoft.NET.Sdk\targets\Microsoft.NET.Sdk.targets(204,5): message :       GenerateSerializationAssemblies;
       C:\Program Files\dotnet\sdk\10.0.300\Sdks\Microsoft.NET.Sdk\targets\Microsoft.NET.Sdk.targets(204,5): message :       CreateSatelliteAssemblies;
       C:\Program Files\dotnet\sdk\10.0.300\Sdks\Microsoft.NET.Sdk\targets\Microsoft.NET.Sdk.targets(204,5): message :       GenerateManifests;
       C:\Program Files\dotnet\sdk\10.0.300\Sdks\Microsoft.NET.Sdk\targets\Microsoft.NET.Sdk.targets(204,5): message :       GetTargetPath;
       C:\Program Files\dotnet\sdk\10.0.300\Sdks\Microsoft.NET.Sdk\targets\Microsoft.NET.Sdk.targets(204,5): message :       PrepareForRun;
       C:\Program Files\dotnet\sdk\10.0.300\Sdks\Microsoft.NET.Sdk\targets\Microsoft.NET.Sdk.targets(204,5): message :       UnmanagedRegistration;
       C:\Program Files\dotnet\sdk\10.0.300\Sdks\Microsoft.NET.Sdk\targets\Microsoft.NET.Sdk.targets(204,5): message :       IncrementalClean;
       C:\Program Files\dotnet\sdk\10.0.300\Sdks\Microsoft.NET.Sdk\targets\Microsoft.NET.Sdk.targets(204,5): message :       PostBuildEvent
       C:\Program Files\dotnet\sdk\10.0.300\Sdks\Microsoft.NET.Sdk\targets\Microsoft.NET.Sdk.targets(204,5): message :     ;
       C:\Program Files\dotnet\sdk\10.0.300\Sdks\Microsoft.NET.Sdk\targets\Microsoft.NET.Sdk.targets(204,5): message :       GenerateBuildDependencyFile;
       C:\Program Files\dotnet\sdk\10.0.300\Sdks\Microsoft.NET.Sdk\targets\Microsoft.NET.Sdk.targets(204,5): message :       GenerateBuildRuntimeConfigurationFiles
       C:\Program Files\dotnet\sdk\10.0.300\Sdks\Microsoft.NET.Sdk\targets\Microsoft.NET.Sdk.targets(204,5): message :     "(이전 값: "
       C:\Program Files\dotnet\sdk\10.0.300\Sdks\Microsoft.NET.Sdk\targets\Microsoft.NET.Sdk.targets(204,5): message :       BuildOnlySettings;
       C:\Program Files\dotnet\sdk\10.0.300\Sdks\Microsoft.NET.Sdk\targets\Microsoft.NET.Sdk.targets(204,5): message :       PrepareForBuild;
       C:\Program Files\dotnet\sdk\10.0.300\Sdks\Microsoft.NET.Sdk\targets\Microsoft.NET.Sdk.targets(204,5): message :       PreBuildEvent;
       C:\Program Files\dotnet\sdk\10.0.300\Sdks\Microsoft.NET.Sdk\targets\Microsoft.NET.Sdk.targets(204,5): message :       ResolveReferences;
       C:\Program Files\dotnet\sdk\10.0.300\Sdks\Microsoft.NET.Sdk\targets\Microsoft.NET.Sdk.targets(204,5): message :       PrepareResources;
       C:\Program Files\dotnet\sdk\10.0.300\Sdks\Microsoft.NET.Sdk\targets\Microsoft.NET.Sdk.targets(204,5): message :       ResolveKeySource;
       C:\Program Files\dotnet\sdk\10.0.300\Sdks\Microsoft.NET.Sdk\targets\Microsoft.NET.Sdk.targets(204,5): message :       Compile;
       C:\Program Files\dotnet\sdk\10.0.300\Sdks\Microsoft.NET.Sdk\targets\Microsoft.NET.Sdk.targets(204,5): message :       ExportWindowsMDFile;
       C:\Program Files\dotnet\sdk\10.0.300\Sdks\Microsoft.NET.Sdk\targets\Microsoft.NET.Sdk.targets(204,5): message :       UnmanagedUnregistration;
       C:\Program Files\dotnet\sdk\10.0.300\Sdks\Microsoft.NET.Sdk\targets\Microsoft.NET.Sdk.targets(204,5): message :       GenerateSerializationAssemblies;
       C:\Program Files\dotnet\sdk\10.0.300\Sdks\Microsoft.NET.Sdk\targets\Microsoft.NET.Sdk.targets(204,5): message :       CreateSatelliteAssemblies;
       C:\Program Files\dotnet\sdk\10.0.300\Sdks\Microsoft.NET.Sdk\targets\Microsoft.NET.Sdk.targets(204,5): message :       GenerateManifests;
       C:\Program Files\dotnet\sdk\10.0.300\Sdks\Microsoft.NET.Sdk\targets\Microsoft.NET.Sdk.targets(204,5): message :       GetTargetPath;
       C:\Program Files\dotnet\sdk\10.0.300\Sdks\Microsoft.NET.Sdk\targets\Microsoft.NET.Sdk.targets(204,5): message :       PrepareForRun;
       C:\Program Files\dotnet\sdk\10.0.300\Sdks\Microsoft.NET.Sdk\targets\Microsoft.NET.Sdk.targets(204,5): message :       UnmanagedRegistration;
       C:\Program Files\dotnet\sdk\10.0.300\Sdks\Microsoft.NET.Sdk\targets\Microsoft.NET.Sdk.targets(204,5): message :       IncrementalClean;
       C:\Program Files\dotnet\sdk\10.0.300\Sdks\Microsoft.NET.Sdk\targets\Microsoft.NET.Sdk.targets(204,5): message :       PostBuildEvent
       C:\Program Files\dotnet\sdk\10.0.300\Sdks\Microsoft.NET.Sdk\targets\Microsoft.NET.Sdk.targets(204,5): message :     ")
       C:\Program Files\dotnet\sdk\10.0.300\Sdks\Microsoft.NET.Sdk\targets\Microsoft.NET.Sdk.targets(213,5): message : 속성 재할당: $(CoreCleanDependsOn)=C:\Program Files\dotnet\sdk\10.0.300\Sdks\Microsoft.NET.Sdk\targets\Microsoft.NET.Sdk.targets (213,5)의 "
       C:\Program Files\dotnet\sdk\10.0.300\Sdks\Microsoft.NET.Sdk\targets\Microsoft.NET.Sdk.targets(213,5): message :       _SdkBeforeClean;
       C:\Program Files\dotnet\sdk\10.0.300\Sdks\Microsoft.NET.Sdk\targets\Microsoft.NET.Sdk.targets(213,5): message :       
       C:\Program Files\dotnet\sdk\10.0.300\Sdks\Microsoft.NET.Sdk\targets\Microsoft.NET.Sdk.targets(213,5): message :     "(이전 값: "")
       C:\Program Files\dotnet\sdk\10.0.300\Sdks\Microsoft.NET.Sdk\targets\Microsoft.NET.Sdk.targets(220,5): message : 속성 재할당: $(RebuildDependsOn)=C:\Program Files\dotnet\sdk\10.0.300\Sdks\Microsoft.NET.Sdk\targets\Microsoft.NET.Sdk.targets (220,5)의 "
       C:\Program Files\dotnet\sdk\10.0.300\Sdks\Microsoft.NET.Sdk\targets\Microsoft.NET.Sdk.targets(220,5): message :       _SdkBeforeRebuild;
       C:\Program Files\dotnet\sdk\10.0.300\Sdks\Microsoft.NET.Sdk\targets\Microsoft.NET.Sdk.targets(220,5): message :       
       C:\Program Files\dotnet\sdk\10.0.300\Sdks\Microsoft.NET.Sdk\targets\Microsoft.NET.Sdk.targets(220,5): message :       BeforeRebuild;
       C:\Program Files\dotnet\sdk\10.0.300\Sdks\Microsoft.NET.Sdk\targets\Microsoft.NET.Sdk.targets(220,5): message :       Clean;
       C:\Program Files\dotnet\sdk\10.0.300\Sdks\Microsoft.NET.Sdk\targets\Microsoft.NET.Sdk.targets(220,5): message :       Build;
       C:\Program Files\dotnet\sdk\10.0.300\Sdks\Microsoft.NET.Sdk\targets\Microsoft.NET.Sdk.targets(220,5): message :       AfterRebuild;
       C:\Program Files\dotnet\sdk\10.0.300\Sdks\Microsoft.NET.Sdk\targets\Microsoft.NET.Sdk.targets(220,5): message :     
       C:\Program Files\dotnet\sdk\10.0.300\Sdks\Microsoft.NET.Sdk\targets\Microsoft.NET.Sdk.targets(220,5): message :     "(이전 값: "
       C:\Program Files\dotnet\sdk\10.0.300\Sdks\Microsoft.NET.Sdk\targets\Microsoft.NET.Sdk.targets(220,5): message :       BeforeRebuild;
       C:\Program Files\dotnet\sdk\10.0.300\Sdks\Microsoft.NET.Sdk\targets\Microsoft.NET.Sdk.targets(220,5): message :       Clean;
       C:\Program Files\dotnet\sdk\10.0.300\Sdks\Microsoft.NET.Sdk\targets\Microsoft.NET.Sdk.targets(220,5): message :       Build;
       C:\Program Files\dotnet\sdk\10.0.300\Sdks\Microsoft.NET.Sdk\targets\Microsoft.NET.Sdk.targets(220,5): message :       AfterRebuild;
       C:\Program Files\dotnet\sdk\10.0.300\Sdks\Microsoft.NET.Sdk\targets\Microsoft.NET.Sdk.targets(220,5): message :     ")
       C:\Program Files\dotnet\sdk\10.0.300\Sdks\Microsoft.NET.Sdk\targets\Microsoft.NET.Sdk.targets(799,5): message : 속성 재할당: $(CompileDependsOn)=C:\Program Files\dotnet\sdk\10.0.300\Sdks\Microsoft.NET.Sdk\targets\Microsoft.NET.Sdk.targets (799,5)의 "
       C:\Program Files\dotnet\sdk\10.0.300\Sdks\Microsoft.NET.Sdk\targets\Microsoft.NET.Sdk.targets(799,5): message :       
       C:\Program Files\dotnet\sdk\10.0.300\Sdks\Microsoft.NET.Sdk\targets\Microsoft.NET.Sdk.targets(799,5): message :       ResolveReferences;
       C:\Program Files\dotnet\sdk\10.0.300\Sdks\Microsoft.NET.Sdk\targets\Microsoft.NET.Sdk.targets(799,5): message :       ResolveKeySource;
       C:\Program Files\dotnet\sdk\10.0.300\Sdks\Microsoft.NET.Sdk\targets\Microsoft.NET.Sdk.targets(799,5): message :       SetWin32ManifestProperties;
       C:\Program Files\dotnet\sdk\10.0.300\Sdks\Microsoft.NET.Sdk\targets\Microsoft.NET.Sdk.targets(799,5): message :       _SetPreferNativeArm64Win32ManifestProperties;
       C:\Program Files\dotnet\sdk\10.0.300\Sdks\Microsoft.NET.Sdk\targets\Microsoft.NET.Sdk.targets(799,5): message :       FindReferenceAssembliesForReferences;
       C:\Program Files\dotnet\sdk\10.0.300\Sdks\Microsoft.NET.Sdk\targets\Microsoft.NET.Sdk.targets(799,5): message :       _GenerateCompileInputs;
       C:\Program Files\dotnet\sdk\10.0.300\Sdks\Microsoft.NET.Sdk\targets\Microsoft.NET.Sdk.targets(799,5): message :       BeforeCompile;
       C:\Program Files\dotnet\sdk\10.0.300\Sdks\Microsoft.NET.Sdk\targets\Microsoft.NET.Sdk.targets(799,5): message :       _TimeStampBeforeCompile;
       C:\Program Files\dotnet\sdk\10.0.300\Sdks\Microsoft.NET.Sdk\targets\Microsoft.NET.Sdk.targets(799,5): message :       _GenerateCompileDependencyCache;
       C:\Program Files\dotnet\sdk\10.0.300\Sdks\Microsoft.NET.Sdk\targets\Microsoft.NET.Sdk.targets(799,5): message :       CoreCompile;
       C:\Program Files\dotnet\sdk\10.0.300\Sdks\Microsoft.NET.Sdk\targets\Microsoft.NET.Sdk.targets(799,5): message :       _TimeStampAfterCompile;
       C:\Program Files\dotnet\sdk\10.0.300\Sdks\Microsoft.NET.Sdk\targets\Microsoft.NET.Sdk.targets(799,5): message :       AfterCompile;
       C:\Program Files\dotnet\sdk\10.0.300\Sdks\Microsoft.NET.Sdk\targets\Microsoft.NET.Sdk.targets(799,5): message :     ;
       C:\Program Files\dotnet\sdk\10.0.300\Sdks\Microsoft.NET.Sdk\targets\Microsoft.NET.Sdk.targets(799,5): message :       _CreateAppHost;
       C:\Program Files\dotnet\sdk\10.0.300\Sdks\Microsoft.NET.Sdk\targets\Microsoft.NET.Sdk.targets(799,5): message :       _CreateComHost;
       C:\Program Files\dotnet\sdk\10.0.300\Sdks\Microsoft.NET.Sdk\targets\Microsoft.NET.Sdk.targets(799,5): message :       _GetIjwHostPaths;
       C:\Program Files\dotnet\sdk\10.0.300\Sdks\Microsoft.NET.Sdk\targets\Microsoft.NET.Sdk.targets(799,5): message :     "(이전 값: "
       C:\Program Files\dotnet\sdk\10.0.300\Sdks\Microsoft.NET.Sdk\targets\Microsoft.NET.Sdk.targets(799,5): message :       ResolveReferences;
       C:\Program Files\dotnet\sdk\10.0.300\Sdks\Microsoft.NET.Sdk\targets\Microsoft.NET.Sdk.targets(799,5): message :       ResolveKeySource;
       C:\Program Files\dotnet\sdk\10.0.300\Sdks\Microsoft.NET.Sdk\targets\Microsoft.NET.Sdk.targets(799,5): message :       SetWin32ManifestProperties;
       C:\Program Files\dotnet\sdk\10.0.300\Sdks\Microsoft.NET.Sdk\targets\Microsoft.NET.Sdk.targets(799,5): message :       _SetPreferNativeArm64Win32ManifestProperties;
       C:\Program Files\dotnet\sdk\10.0.300\Sdks\Microsoft.NET.Sdk\targets\Microsoft.NET.Sdk.targets(799,5): message :       FindReferenceAssembliesForReferences;
       C:\Program Files\dotnet\sdk\10.0.300\Sdks\Microsoft.NET.Sdk\targets\Microsoft.NET.Sdk.targets(799,5): message :       _GenerateCompileInputs;
       C:\Program Files\dotnet\sdk\10.0.300\Sdks\Microsoft.NET.Sdk\targets\Microsoft.NET.Sdk.targets(799,5): message :       BeforeCompile;
       C:\Program Files\dotnet\sdk\10.0.300\Sdks\Microsoft.NET.Sdk\targets\Microsoft.NET.Sdk.targets(799,5): message :       _TimeStampBeforeCompile;
       C:\Program Files\dotnet\sdk\10.0.300\Sdks\Microsoft.NET.Sdk\targets\Microsoft.NET.Sdk.targets(799,5): message :       _GenerateCompileDependencyCache;
       C:\Program Files\dotnet\sdk\10.0.300\Sdks\Microsoft.NET.Sdk\targets\Microsoft.NET.Sdk.targets(799,5): message :       CoreCompile;
       C:\Program Files\dotnet\sdk\10.0.300\Sdks\Microsoft.NET.Sdk\targets\Microsoft.NET.Sdk.targets(799,5): message :       _TimeStampAfterCompile;
       C:\Program Files\dotnet\sdk\10.0.300\Sdks\Microsoft.NET.Sdk\targets\Microsoft.NET.Sdk.targets(799,5): message :       AfterCompile;
       C:\Program Files\dotnet\sdk\10.0.300\Sdks\Microsoft.NET.Sdk\targets\Microsoft.NET.Sdk.targets(799,5): message :     ")
       C:\Program Files\dotnet\sdk\10.0.300\Sdks\Microsoft.NET.Sdk\targets\Microsoft.NET.Sdk.targets(1131,5): message : 속성 재할당: $(CreateSatelliteAssembliesDependsOn)=C:\Program Files\dotnet\sdk\10.0.300\Sdks\Microsoft.NET.Sdk\targets\Microsoft.NET.Sdk.targets (1131,5)의 "
       C:\Program Files\dotnet\sdk\10.0.300\Sdks\Microsoft.NET.Sdk\targets\Microsoft.NET.Sdk.targets(1131,5): message :       
       C:\Program Files\dotnet\sdk\10.0.300\Sdks\Microsoft.NET.Sdk\targets\Microsoft.NET.Sdk.targets(1131,5): message :       ;
       C:\Program Files\dotnet\sdk\10.0.300\Sdks\Microsoft.NET.Sdk\targets\Microsoft.NET.Sdk.targets(1131,5): message :       _GenerateSatelliteAssemblyInputs;
       C:\Program Files\dotnet\sdk\10.0.300\Sdks\Microsoft.NET.Sdk\targets\Microsoft.NET.Sdk.targets(1131,5): message :       ComputeIntermediateSatelliteAssemblies;
       C:\Program Files\dotnet\sdk\10.0.300\Sdks\Microsoft.NET.Sdk\targets\Microsoft.NET.Sdk.targets(1131,5): message :       GenerateSatelliteAssemblies
       C:\Program Files\dotnet\sdk\10.0.300\Sdks\Microsoft.NET.Sdk\targets\Microsoft.NET.Sdk.targets(1131,5): message :     ;
       C:\Program Files\dotnet\sdk\10.0.300\Sdks\Microsoft.NET.Sdk\targets\Microsoft.NET.Sdk.targets(1131,5): message :       CoreGenerateSatelliteAssemblies
       C:\Program Files\dotnet\sdk\10.0.300\Sdks\Microsoft.NET.Sdk\targets\Microsoft.NET.Sdk.targets(1131,5): message :     "(이전 값: "
       C:\Program Files\dotnet\sdk\10.0.300\Sdks\Microsoft.NET.Sdk\targets\Microsoft.NET.Sdk.targets(1131,5): message :       ;
       C:\Program Files\dotnet\sdk\10.0.300\Sdks\Microsoft.NET.Sdk\targets\Microsoft.NET.Sdk.targets(1131,5): message :       _GenerateSatelliteAssemblyInputs;
       C:\Program Files\dotnet\sdk\10.0.300\Sdks\Microsoft.NET.Sdk\targets\Microsoft.NET.Sdk.targets(1131,5): message :       ComputeIntermediateSatelliteAssemblies;
       C:\Program Files\dotnet\sdk\10.0.300\Sdks\Microsoft.NET.Sdk\targets\Microsoft.NET.Sdk.targets(1131,5): message :       GenerateSatelliteAssemblies
       C:\Program Files\dotnet\sdk\10.0.300\Sdks\Microsoft.NET.Sdk\targets\Microsoft.NET.Sdk.targets(1131,5): message :     ")
       C:\Program Files\dotnet\sdk\10.0.300\Sdks\Microsoft.SourceLink.GitLab\build\Microsoft.SourceLink.GitLab.targets(12,5): message : 속성 재할당: $(SourceLinkUrlInitializerTargets)=C:\Program Files\dotnet\sdk\10.0.300\Sdks\Microsoft.SourceLink.GitLab\build\Microsoft.SourceLink.GitLab.targets (12,5)의 ";_InitializeGitHubSourceLinkUrl;_InitializeGitLabSourceLinkUrl"(이전 값: ";_InitializeGitHubSourceLinkUrl")
       C:\Program Files\dotnet\sdk\10.0.300\Sdks\Microsoft.SourceLink.GitLab\build\Microsoft.SourceLink.GitLab.targets(13,5): message : 속성 재할당: $(SourceControlManagerUrlTranslationTargets)=C:\Program Files\dotnet\sdk\10.0.300\Sdks\Microsoft.SourceLink.GitLab\build\Microsoft.SourceLink.GitLab.targets (13,5)의 ";TranslateGitHubUrlsInSourceControlInformation;TranslateGitLabUrlsInSourceControlInformation"(이전 값: ";TranslateGitHubUrlsInSourceControlInformation")
       C:\Program Files\dotnet\sdk\10.0.300\Sdks\Microsoft.SourceLink.AzureRepos.Git\build\Microsoft.SourceLink.AzureRepos.Git.targets(12,5): message : 속성 재할당: $(SourceLinkUrlInitializerTargets)=C:\Program Files\dotnet\sdk\10.0.300\Sdks\Microsoft.SourceLink.AzureRepos.Git\build\Microsoft.SourceLink.AzureRepos.Git.targets (12,5)의 ";_InitializeGitHubSourceLinkUrl;_InitializeGitLabSourceLinkUrl;_InitializeAzureReposGitSourceLinkUrl"(이전 값: ";_InitializeGitHubSourceLinkUrl;_InitializeGitLabSourceLinkUrl")
       C:\Program Files\dotnet\sdk\10.0.300\Sdks\Microsoft.SourceLink.AzureRepos.Git\build\Microsoft.SourceLink.AzureRepos.Git.targets(13,5): message : 속성 재할당: $(SourceControlManagerUrlTranslationTargets)=C:\Program Files\dotnet\sdk\10.0.300\Sdks\Microsoft.SourceLink.AzureRepos.Git\build\Microsoft.SourceLink.AzureRepos.Git.targets (13,5)의 ";TranslateGitHubUrlsInSourceControlInformation;TranslateGitLabUrlsInSourceControlInformation;TranslateAzureReposGitUrlsInSourceControlInformation"(이전 값: ";TranslateGitHubUrlsInSourceControlInformation;TranslateGitLabUrlsInSourceControlInformation")
       C:\Program Files\dotnet\sdk\10.0.300\Sdks\Microsoft.SourceLink.Bitbucket.Git\build\Microsoft.SourceLink.Bitbucket.Git.targets(12,5): message : 속성 재할당: $(SourceLinkUrlInitializerTargets)=C:\Program Files\dotnet\sdk\10.0.300\Sdks\Microsoft.SourceLink.Bitbucket.Git\build\Microsoft.SourceLink.Bitbucket.Git.targets (12,5)의 ";_InitializeGitHubSourceLinkUrl;_InitializeGitLabSourceLinkUrl;_InitializeAzureReposGitSourceLinkUrl;_InitializeBitbucketGitSourceLinkUrl"(이전 값: ";_InitializeGitHubSourceLinkUrl;_InitializeGitLabSourceLinkUrl;_InitializeAzureReposGitSourceLinkUrl")
       C:\Program Files\dotnet\sdk\10.0.300\Sdks\Microsoft.SourceLink.Bitbucket.Git\build\Microsoft.SourceLink.Bitbucket.Git.targets(13,5): message : 속성 재할당: $(SourceControlManagerUrlTranslationTargets)=C:\Program Files\dotnet\sdk\10.0.300\Sdks\Microsoft.SourceLink.Bitbucket.Git\build\Microsoft.SourceLink.Bitbucket.Git.targets (13,5)의 ";TranslateGitHubUrlsInSourceControlInformation;TranslateGitLabUrlsInSourceControlInformation;TranslateAzureReposGitUrlsInSourceControlInformation;TranslateBitbucketGitUrlsInSourceControlInformation"(이전 값: ";TranslateGitHubUrlsInSourceControlInformation;TranslateGitLabUrlsInSourceControlInformation;TranslateAzureReposGitUrlsInSourceControlInformation")
       C:\Program Files\dotnet\sdk\10.0.300\Sdks\Microsoft.NET.Sdk\targets\Microsoft.NET.DesignerSupport.targets(21,5): message : 속성 재할당: $(DesignerRuntimeImplementationProjectOutputGroupDependsOn)=C:\Program Files\dotnet\sdk\10.0.300\Sdks\Microsoft.NET.Sdk\targets\Microsoft.NET.DesignerSupport.targets (21,5)의 "
       C:\Program Files\dotnet\sdk\10.0.300\Sdks\Microsoft.NET.Sdk\targets\Microsoft.NET.DesignerSupport.targets(21,5): message :       
       C:\Program Files\dotnet\sdk\10.0.300\Sdks\Microsoft.NET.Sdk\targets\Microsoft.NET.DesignerSupport.targets(21,5): message :       ;
       C:\Program Files\dotnet\sdk\10.0.300\Sdks\Microsoft.NET.Sdk\targets\Microsoft.NET.DesignerSupport.targets(21,5): message :       
       C:\Program Files\dotnet\sdk\10.0.300\Sdks\Microsoft.NET.Sdk\targets\Microsoft.NET.DesignerSupport.targets(21,5): message :       ;
       C:\Program Files\dotnet\sdk\10.0.300\Sdks\Microsoft.NET.Sdk\targets\Microsoft.NET.DesignerSupport.targets(21,5): message :       BuildOnlySettings;
       C:\Program Files\dotnet\sdk\10.0.300\Sdks\Microsoft.NET.Sdk\targets\Microsoft.NET.DesignerSupport.targets(21,5): message :       PrepareForBuild;
       C:\Program Files\dotnet\sdk\10.0.300\Sdks\Microsoft.NET.Sdk\targets\Microsoft.NET.DesignerSupport.targets(21,5): message :       AssignTargetPaths;
       C:\Program Files\dotnet\sdk\10.0.300\Sdks\Microsoft.NET.Sdk\targets\Microsoft.NET.DesignerSupport.targets(21,5): message :       ResolveReferences
       C:\Program Files\dotnet\sdk\10.0.300\Sdks\Microsoft.NET.Sdk\targets\Microsoft.NET.DesignerSupport.targets(21,5): message :     
       C:\Program Files\dotnet\sdk\10.0.300\Sdks\Microsoft.NET.Sdk\targets\Microsoft.NET.DesignerSupport.targets(21,5): message :     ;
       C:\Program Files\dotnet\sdk\10.0.300\Sdks\Microsoft.NET.Sdk\targets\Microsoft.NET.DesignerSupport.targets(21,5): message :       _GenerateDesignerDepsFile;
       C:\Program Files\dotnet\sdk\10.0.300\Sdks\Microsoft.NET.Sdk\targets\Microsoft.NET.DesignerSupport.targets(21,5): message :       _GenerateDesignerRuntimeConfigFile;
       C:\Program Files\dotnet\sdk\10.0.300\Sdks\Microsoft.NET.Sdk\targets\Microsoft.NET.DesignerSupport.targets(21,5): message :       GetCopyToOutputDirectoryItems;
       C:\Program Files\dotnet\sdk\10.0.300\Sdks\Microsoft.NET.Sdk\targets\Microsoft.NET.DesignerSupport.targets(21,5): message :       _GatherDesignerShadowCopyFiles;
       C:\Program Files\dotnet\sdk\10.0.300\Sdks\Microsoft.NET.Sdk\targets\Microsoft.NET.DesignerSupport.targets(21,5): message :     "(이전 값: "
       C:\Program Files\dotnet\sdk\10.0.300\Sdks\Microsoft.NET.Sdk\targets\Microsoft.NET.DesignerSupport.targets(21,5): message :       ;
       C:\Program Files\dotnet\sdk\10.0.300\Sdks\Microsoft.NET.Sdk\targets\Microsoft.NET.DesignerSupport.targets(21,5): message :       
       C:\Program Files\dotnet\sdk\10.0.300\Sdks\Microsoft.NET.Sdk\targets\Microsoft.NET.DesignerSupport.targets(21,5): message :       ;
       C:\Program Files\dotnet\sdk\10.0.300\Sdks\Microsoft.NET.Sdk\targets\Microsoft.NET.DesignerSupport.targets(21,5): message :       BuildOnlySettings;
       C:\Program Files\dotnet\sdk\10.0.300\Sdks\Microsoft.NET.Sdk\targets\Microsoft.NET.DesignerSupport.targets(21,5): message :       PrepareForBuild;
       C:\Program Files\dotnet\sdk\10.0.300\Sdks\Microsoft.NET.Sdk\targets\Microsoft.NET.DesignerSupport.targets(21,5): message :       AssignTargetPaths;
       C:\Program Files\dotnet\sdk\10.0.300\Sdks\Microsoft.NET.Sdk\targets\Microsoft.NET.DesignerSupport.targets(21,5): message :       ResolveReferences
       C:\Program Files\dotnet\sdk\10.0.300\Sdks\Microsoft.NET.Sdk\targets\Microsoft.NET.DesignerSupport.targets(21,5): message :     
       C:\Program Files\dotnet\sdk\10.0.300\Sdks\Microsoft.NET.Sdk\targets\Microsoft.NET.DesignerSupport.targets(21,5): message :     ")
       C:\Program Files\dotnet\sdk\10.0.300\Sdks\Microsoft.NET.Sdk\targets\Microsoft.NET.Sdk.CSharp.targets(31,5): message : 속성 재할당: $(DefineConstants)=C:\Program Files\dotnet\sdk\10.0.300\Sdks\Microsoft.NET.Sdk\targets\Microsoft.NET.Sdk.CSharp.targets (31,5)의 "TRACE;DEBUG"(이전 값: "TRACE")
       C:\Program Files\dotnet\sdk\10.0.300\Sdks\Microsoft.NET.Sdk\targets\Microsoft.NET.Sdk.CSharp.targets(45,5): message : 속성 재할당: $(WarningsAsErrors)=C:\Program Files\dotnet\sdk\10.0.300\Sdks\Microsoft.NET.Sdk\targets\Microsoft.NET.Sdk.CSharp.targets (45,5)의 ";NU1605;SYSLIB0011"(이전 값: ";NU1605")
       C:\Program Files\dotnet\sdk\10.0.300\NuGet.Build.Tasks.Pack.targets(34,5): message : 속성 재할당: $(PackageDescription)=C:\Program Files\dotnet\sdk\10.0.300\NuGet.Build.Tasks.Pack.targets (34,5)의 "Package Description"(이전 값: "")
       C:\Program Files\dotnet\sdk\10.0.300\NuGet.Build.Tasks.Pack.targets(59,5): message : 속성 재할당: $(GenerateNuspecDependsOn)=C:\Program Files\dotnet\sdk\10.0.300\NuGet.Build.Tasks.Pack.targets (59,5)의 "Build;_LoadPackInputItems; _GetTargetFrameworksOutput; _WalkEachTargetPerFramework; _GetPackageFiles; "(이전 값: "_LoadPackInputItems; _GetTargetFrameworksOutput; _WalkEachTargetPerFramework; _GetPackageFiles; ")
       C:\Program Files\dotnet\sdk\10.0.300\Sdks\Microsoft.NET.Sdk\Sdk\Sdk.targets(59,5): message : 속성 재할당: $(_IsNotSetContainersTargetsDir)=C:\Program Files\dotnet\sdk\10.0.300\Sdks\Microsoft.NET.Sdk\Sdk\Sdk.targets (59,5)의 "true"(이전 값: "false")
       C:\Program Files\dotnet\sdk\10.0.300\Containers\build\Microsoft.NET.Build.Containers.targets(5,5): message : 속성 재할당: $(_IsSDKContainerAllowedVersion)=C:\Program Files\dotnet\sdk\10.0.300\Containers\build\Microsoft.NET.Build.Containers.targets (5,5)의 "true"(이전 값: "false")
       C:\Program Files\dotnet\sdk\10.0.300\Containers\build\Microsoft.NET.Build.Containers.targets(15,5): message : 속성 재할당: $(_ContainerIsTargetingNet8TFM)=C:\Program Files\dotnet\sdk\10.0.300\Containers\build\Microsoft.NET.Build.Containers.targets (15,5)의 "true"(이전 값: "false")
       "C:\Program Files\dotnet\sdk\10.0.300\Microsoft.Common.CurrentVersion.targets" 프로젝트의 "ResolveFrameworkReferences" 대상을 "C:\Program Files\dotnet\sdk\10.0.300\Sdks\Microsoft.NET.Sdk\targets\Microsoft.NET.Sdk.FrameworkReferenceResolution.targets" 프로젝트의 "ResolveFrameworkReferences" 대상으로 재정의하고 있습니다.
       "C:\Program Files\dotnet\sdk\10.0.300\Microsoft.Common.CurrentVersion.targets" 프로젝트의 "GenerateSupportedTargetFrameworkAlias" 대상을 "C:\Program Files\dotnet\sdk\10.0.300\Sdks\Microsoft.NET.Sdk\targets\Microsoft.NET.Sdk.targets" 프로젝트의 "GenerateSupportedTargetFrameworkAlias" 대상으로 재정의하고 있습니다.
       "C:\Program Files\dotnet\sdk\10.0.300\Microsoft.Common.CurrentVersion.targets" 프로젝트의 "GetReferenceAssemblyPaths" 대상을 "C:\Program Files\dotnet\sdk\10.0.300\Sdks\Microsoft.NET.Sdk\targets\Microsoft.NET.DisableStandardFrameworkResolution.targets" 프로젝트의 "GetReferenceAssemblyPaths" 대상으로 재정의하고 있습니다.
       "C:\Program Files\dotnet\sdk\10.0.300\Microsoft.Common.CurrentVersion.targets" 프로젝트의 "GetFrameworkPaths" 대상을 "C:\Program Files\dotnet\sdk\10.0.300\Sdks\Microsoft.NET.Sdk\targets\Microsoft.NET.DisableStandardFrameworkResolution.targets" 프로젝트의 "GetFrameworkPaths" 대상으로 재정의하고 있습니다.
       "C:\Program Files\dotnet\sdk\10.0.300\Microsoft.Common.CurrentVersion.targets" 프로젝트의 "DesignerRuntimeImplementationProjectOutputGroup" 대상을 "C:\Program Files\dotnet\sdk\10.0.300\Sdks\Microsoft.NET.Sdk\targets\Microsoft.NET.DesignerSupport.targets" 프로젝트의 "DesignerRuntimeImplementationProjectOutputGroup" 대상으로 재정의하고 있습니다.
       "C:\Program Files\dotnet\sdk\10.0.300\Microsoft.Common.CurrentVersion.targets" 프로젝트의 "Publish" 대상을 "C:\Program Files\dotnet\sdk\10.0.300\Sdks\Microsoft.NET.Sdk\targets\Microsoft.NET.Publish.targets" 프로젝트의 "Publish" 대상으로 재정의하고 있습니다.
       "C:\Program Files\dotnet\sdk\10.0.300\Sdks\Microsoft.NET.Sdk\targets\Microsoft.NET.CrossGen.targets" 프로젝트의 "ResolveReadyToRunCompilers" 대상을 "C:\Program Files\dotnet\sdk\10.0.300\Sdks\Microsoft.NET.Sdk\targets\Microsoft.NET.Publish.targets" 프로젝트의 "ResolveReadyToRunCompilers" 대상으로 재정의하고 있습니다.
       "C:\Program Files\dotnet\sdk\10.0.300\Microsoft.Common.CurrentVersion.targets" 프로젝트의 "GetCopyToPublishDirectoryItems" 대상을 "C:\Program Files\dotnet\sdk\10.0.300\Sdks\Microsoft.NET.Sdk\targets\Microsoft.NET.Publish.targets" 프로젝트의 "GetCopyToPublishDirectoryItems" 대상으로 재정의하고 있습니다.
       "C:\Program Files\dotnet\sdk\10.0.300\Microsoft.Common.CurrentVersion.targets" 프로젝트의 "Run" 대상을 "C:\Program Files\dotnet\sdk\10.0.300\Sdks\Microsoft.NET.Sdk\targets\Microsoft.NET.Sdk.targets" 프로젝트의 "Run" 대상으로 재정의하고 있습니다.
     1>"F:\USER\Csharp.NET\Code-Generator\CodeGenerator.sln"(1) 프로젝트가 1 노드에서 "F:\USER\Csharp.NET\Code-Generator\src\RouteGenerator\RouteGenerator.csproj"(2)을(를) 빌드하고 있습니다(_IsProjectRestoreSupported 대상).
     2>"F:\USER\Csharp.NET\Code-Generator\src\RouteGenerator\RouteGenerator.csproj" 프로젝트의 "C:\Program Files\dotnet\sdk\10.0.300\NuGet.targets" 파일에 있는 "_IsProjectRestoreSupported" 대상(진입점):
     2>추가된 항목: _ValidProjectsForRestore=F:\USER\Csharp.NET\Code-Generator\src\RouteGenerator\RouteGenerator.csproj
     2>"RouteGenerator.csproj" 프로젝트에 "_IsProjectRestoreSupported" 대상을 빌드했습니다.
     2>"F:\USER\Csharp.NET\Code-Generator\src\RouteGenerator\RouteGenerator.csproj" 프로젝트를 빌드했습니다(_IsProjectRestoreSupported 대상).
     0>SDK "Microsoft.NET.Sdk"이(가) "DefaultSdkResolver" 확인자에 의해 "C:\Program Files\dotnet\sdk\10.0.300\Sdks\Microsoft.NET.Sdk\Sdk" 위치 및 "" 버전으로 확인되었습니다.
       C:\Program Files\dotnet\sdk\10.0.300\Sdks\Microsoft.NET.Sdk\Sdk\Sdk.props(49,11): message : 환경에서 값이 'MSBuildExtensionsPath'인 속성 'C:\Program Files\dotnet\sdk\10.0.300\'이(가) 확장되었습니다.
       C:\Program Files\dotnet\sdk\10.0.300\Current\Microsoft.Common.props(60,5): message : 속성 재할당: $(MSBuildProjectExtensionsPath)=C:\Program Files\dotnet\sdk\10.0.300\Current\Microsoft.Common.props (60,5)의 "F:\USER\Csharp.NET\Code-Generator\src\Project1.App\obj\"(이전 값: "obj\")
       C:\Program Files\dotnet\sdk\10.0.300\Current\Microsoft.Common.props(84,119): message : 환경에서 값이 'MSBuildUserExtensionsPath'인 속성 'C:\Users\Soletop\AppData\Local\Microsoft\MSBuild'이(가) 확장되었습니다.
       "Configuration" 속성은 전역 속성이므로 수정할 수 없습니다.
       "Platform" 속성은 전역 속성이므로 수정할 수 없습니다.
       "Configuration" 속성은 전역 속성이므로 수정할 수 없습니다.
       "Platform" 속성은 전역 속성이므로 수정할 수 없습니다.
       C:\Program Files\dotnet\sdk\10.0.300\Sdks\Microsoft.NET.Sdk\targets\Microsoft.NET.Sdk.props(90,5): message : 속성 재할당: $(AssemblySearchPaths)=C:\Program Files\dotnet\sdk\10.0.300\Sdks\Microsoft.NET.Sdk\targets\Microsoft.NET.Sdk.props (90,5)의 "{CandidateAssemblyFiles};{HintPathFromItem}"(이전 값: "{CandidateAssemblyFiles}")
       C:\Program Files\dotnet\sdk\10.0.300\Sdks\Microsoft.NET.Sdk\targets\Microsoft.NET.Sdk.props(91,5): message : 속성 재할당: $(AssemblySearchPaths)=C:\Program Files\dotnet\sdk\10.0.300\Sdks\Microsoft.NET.Sdk\targets\Microsoft.NET.Sdk.props (91,5)의 "{CandidateAssemblyFiles};{HintPathFromItem};{TargetFrameworkDirectory}"(이전 값: "{CandidateAssemblyFiles};{HintPathFromItem}")
       C:\Program Files\dotnet\sdk\10.0.300\Sdks\Microsoft.NET.Sdk\targets\Microsoft.NET.Sdk.props(92,5): message : 속성 재할당: $(AssemblySearchPaths)=C:\Program Files\dotnet\sdk\10.0.300\Sdks\Microsoft.NET.Sdk\targets\Microsoft.NET.Sdk.props (92,5)의 "{CandidateAssemblyFiles};{HintPathFromItem};{TargetFrameworkDirectory};{RawFileName}"(이전 값: "{CandidateAssemblyFiles};{HintPathFromItem};{TargetFrameworkDirectory}")
       "DefaultSdkResolver" 확인자가 SDK "Microsoft.NET.SDK.WorkloadAutoImportPropsLocator"을(를) 확인하려고 했습니다.
       경고: null
       오류: MSB4276: 디렉터리 "Microsoft.NET.SDK.WorkloadAutoImportPropsLocator"이(가) 없으므로 기본 SDK 확인자가 SDK "C:\Program Files\dotnet\sdk\10.0.300\Sdks\Microsoft.NET.SDK.WorkloadAutoImportPropsLocator\Sdk"을(를) 확인하지 못했습니다.
       SDK "Microsoft.NET.SDK.WorkloadAutoImportPropsLocator"이(가) "Microsoft.DotNet.MSBuildWorkloadSdkResolver" 확인자에 의해 "C:\Program Files\dotnet\packs\Microsoft.iOS.Sdk.net9.0_18.0\18.0.9617\Sdk" 위치 및 "null" 버전으로 확인되었습니다.
       F:\USER\Csharp.NET\Code-Generator\src\Project1.App\Project1.App.csproj(3,5): message : 속성 재할당: $(OutputType)=F:\USER\Csharp.NET\Code-Generator\src\Project1.App\Project1.App.csproj (3,5)의 "Exe"(이전 값: "Library")
       "Configuration" 속성은 전역 속성이므로 수정할 수 없습니다.
       "Platform" 속성은 전역 속성이므로 수정할 수 없습니다.
       C:\Program Files\dotnet\sdk\10.0.300\Sdks\Microsoft.NET.Sdk\targets\Microsoft.NET.Sdk.ImportPublishProfile.targets(28,5): message : 속성 재할당: $(PublishProfileImported)=C:\Program Files\dotnet\sdk\10.0.300\Sdks\Microsoft.NET.Sdk\targets\Microsoft.NET.Sdk.ImportPublishProfile.targets (28,5)의 "false"(이전 값: "true")
       C:\Program Files\dotnet\sdk\10.0.300\Sdks\Microsoft.NET.Sdk\targets\Microsoft.NET.TargetFrameworkInference.targets(81,5): message : 속성 재할당: $(TargetPlatformVersion)=C:\Program Files\dotnet\sdk\10.0.300\Sdks\Microsoft.NET.Sdk\targets\Microsoft.NET.TargetFrameworkInference.targets (81,5)의 ""(이전 값: "0.0")
       C:\Program Files\dotnet\sdk\10.0.300\Sdks\Microsoft.NET.Sdk\targets\Microsoft.NET.DefaultOutputPaths.targets(127,5): message : 속성 재할당: $(DefaultItemExcludes)=C:\Program Files\dotnet\sdk\10.0.300\Sdks\Microsoft.NET.Sdk\targets\Microsoft.NET.DefaultOutputPaths.targets (127,5)의 ";bin\Debug\/**;obj\Debug\/**"(이전 값: ";bin\Debug\/**")
       C:\Program Files\dotnet\sdk\10.0.300\Sdks\Microsoft.NET.Sdk\targets\Microsoft.NET.DefaultOutputPaths.targets(142,5): message : 속성 재할당: $(OutputPath)=C:\Program Files\dotnet\sdk\10.0.300\Sdks\Microsoft.NET.Sdk\targets\Microsoft.NET.DefaultOutputPaths.targets (142,5)의 "bin\Debug\net10.0\"(이전 값: "bin\Debug\")
       C:\Program Files\dotnet\sdk\10.0.300\Sdks\Microsoft.NET.Sdk\targets\Microsoft.NET.DefaultOutputPaths.targets(147,5): message : 속성 재할당: $(IntermediateOutputPath)=C:\Program Files\dotnet\sdk\10.0.300\Sdks\Microsoft.NET.Sdk\targets\Microsoft.NET.DefaultOutputPaths.targets (147,5)의 "obj\Debug\net10.0\"(이전 값: "obj\Debug\")
       "DefaultSdkResolver" 확인자가 SDK "Microsoft.NET.SDK.WorkloadManifestTargetsLocator"을(를) 확인하려고 했습니다.
       경고: null
       오류: MSB4276: 디렉터리 "Microsoft.NET.SDK.WorkloadManifestTargetsLocator"이(가) 없으므로 기본 SDK 확인자가 SDK "C:\Program Files\dotnet\sdk\10.0.300\Sdks\Microsoft.NET.SDK.WorkloadManifestTargetsLocator\Sdk"을(를) 확인하지 못했습니다.
       SDK "Microsoft.NET.SDK.WorkloadManifestTargetsLocator"이(가) "Microsoft.DotNet.MSBuildWorkloadSdkResolver" 확인자에 의해 "C:\Program Files\dotnet\sdk-manifests\10.0.100\microsoft.net.sdk.android\36.1.43" 위치 및 "null" 버전으로 확인되었습니다.
       C:\Program Files\dotnet\sdk\10.0.300\Sdks\Microsoft.NET.Sdk\targets\Microsoft.NET.Sdk.BeforeCommon.targets(379,5): message : 속성 재할당: $(RoslynTargetsPath)=C:\Program Files\dotnet\sdk\10.0.300\Sdks\Microsoft.NET.Sdk\targets\Microsoft.NET.Sdk.BeforeCommon.targets (379,5)의 "C:\Program Files\dotnet\sdk\10.0.300\Sdks\Microsoft.NET.Sdk\targets\..\..\..\Roslyn"(이전 값: "C:\Program Files\dotnet\sdk\10.0.300\Roslyn")
       C:\Program Files\dotnet\sdk\10.0.300\Roslyn\Microsoft.Managed.Core.targets(6,5): message : 속성 재할당: $(_BuildTasksDirectory)=C:\Program Files\dotnet\sdk\10.0.300\Roslyn\Microsoft.Managed.Core.targets (6,5)의 "C:\Program Files\dotnet\sdk\10.0.300\Sdks\Microsoft.NET.Sdk\targets\..\..\..\Roslyn\"(이전 값: "C:\Program Files\dotnet\sdk\10.0.300\Roslyn\")
       C:\Program Files\dotnet\sdk\10.0.300\Roslyn\Microsoft.CSharp.Core.targets(213,5): message : 속성 재할당: $(CommandLineArgsForDesignTimeEvaluation)=C:\Program Files\dotnet\sdk\10.0.300\Roslyn\Microsoft.CSharp.Core.targets (213,5)의 "-langversion:14.0 -define:TRACE"(이전 값: "-langversion:14.0")
       "Platform" 속성은 전역 속성이므로 수정할 수 없습니다.
       "Configuration" 속성은 전역 속성이므로 수정할 수 없습니다.
       C:\Program Files\dotnet\sdk\10.0.300\Microsoft.Common.CurrentVersion.targets(175,5): message : 속성 재할당: $(_DebugSymbolsProduced)=C:\Program Files\dotnet\sdk\10.0.300\Microsoft.Common.CurrentVersion.targets (175,5)의 "true"(이전 값: "false")
       C:\Program Files\dotnet\sdk\10.0.300\Microsoft.Common.CurrentVersion.targets(185,5): message : 속성 재할당: $(_DocumentationFileProduced)=C:\Program Files\dotnet\sdk\10.0.300\Microsoft.Common.CurrentVersion.targets (185,5)의 "false"(이전 값: "true")
       "SolutionName" 속성은 전역 속성이므로 수정할 수 없습니다.
       "SolutionFileName" 속성은 전역 속성이므로 수정할 수 없습니다.
       "SolutionPath" 속성은 전역 속성이므로 수정할 수 없습니다.
       "SolutionDir" 속성은 전역 속성이므로 수정할 수 없습니다.
       "SolutionExt" 속성은 전역 속성이므로 수정할 수 없습니다.
       C:\Program Files\dotnet\sdk\10.0.300\Microsoft.Common.CurrentVersion.targets(392,5): message : 속성 재할당: $(MSBuildCopyMarkerName)=C:\Program Files\dotnet\sdk\10.0.300\Microsoft.Common.CurrentVersion.targets (392,5)의 "Project1.873C130C"(이전 값: "Project1.App.csproj")
       C:\Program Files\dotnet\sdk\10.0.300\Microsoft.Common.CurrentVersion.targets(393,5): message : 속성 재할당: $(MSBuildCopyMarkerName)=C:\Program Files\dotnet\sdk\10.0.300\Microsoft.Common.CurrentVersion.targets (393,5)의 "Project1.873C130C.Up2Date"(이전 값: "Project1.873C130C")
       C:\Program Files\dotnet\sdk\10.0.300\Microsoft.Common.CurrentVersion.targets(541,5): message : 속성 재할당: $(ProcessorArchitecture)=C:\Program Files\dotnet\sdk\10.0.300\Microsoft.Common.CurrentVersion.targets (541,5)의 "msil"(이전 값: "")
       C:\Program Files\dotnet\sdk\10.0.300\Microsoft.Common.CurrentVersion.targets(580,5): message : 속성 재할당: $(DelaySign)=C:\Program Files\dotnet\sdk\10.0.300\Microsoft.Common.CurrentVersion.targets (580,5)의 ""(이전 값: "false")
       C:\Program Files\dotnet\sdk\10.0.300\Microsoft.Common.CurrentVersion.targets(2622,5): message : 환경에서 값이 'LOCALAPPDATA'인 속성 'C:\Users\Soletop\AppData\Local'이(가) 확장되었습니다.
       C:\Program Files\dotnet\sdk\10.0.300\Microsoft.Common.CurrentVersion.targets(3950,5): message : 속성 재할당: $(_SGenGenerateSerializationAssembliesConfig)=C:\Program Files\dotnet\sdk\10.0.300\Microsoft.Common.CurrentVersion.targets (3950,5)의 "Auto"(이전 값: "")
       C:\Program Files\dotnet\sdk\10.0.300\Microsoft.Common.CurrentVersion.targets(3951,5): message : 속성 재할당: $(_SGenGenerateSerializationAssembliesConfig)=C:\Program Files\dotnet\sdk\10.0.300\Microsoft.Common.CurrentVersion.targets (3951,5)의 "Off"(이전 값: "Auto")
       C:\Program Files\dotnet\sdk\10.0.300\Microsoft.Common.CurrentVersion.targets(5162,5): message : 속성 재할당: $(_TargetsThatPrepareProjectReferences)=C:\Program Files\dotnet\sdk\10.0.300\Microsoft.Common.CurrentVersion.targets (5162,5)의 "
       C:\Program Files\dotnet\sdk\10.0.300\Microsoft.Common.CurrentVersion.targets(5162,5): message :       AssignProjectConfiguration;
       C:\Program Files\dotnet\sdk\10.0.300\Microsoft.Common.CurrentVersion.targets(5162,5): message :       _SplitProjectReferencesByFileExistence
       C:\Program Files\dotnet\sdk\10.0.300\Microsoft.Common.CurrentVersion.targets(5162,5): message :     "(이전 값: "_SplitProjectReferencesByFileExistence")
       C:\Program Files\dotnet\sdk\10.0.300\Microsoft.Common.CurrentVersion.targets(6975,5): message : 환경에서 값이 'MSBuildExtensionsPath32'인 속성 'C:\Program Files\dotnet\sdk\10.0.300'이(가) 확장되었습니다.
       "_RestoreSolutionFileUsed" 속성은 전역 속성이므로 수정할 수 없습니다.
       "NuGetInteractive" 속성은 전역 속성이므로 수정할 수 없습니다.
       C:\Program Files\dotnet\sdk\10.0.300\NuGet.targets(125,5): message : 속성 재할당: $(_GenerateRestoreGraphProjectEntryInputProperties)=C:\Program Files\dotnet\sdk\10.0.300\NuGet.targets (125,5)의 "
       C:\Program Files\dotnet\sdk\10.0.300\NuGet.targets(125,5): message :       ExcludeRestorePackageImports=true;
       C:\Program Files\dotnet\sdk\10.0.300\NuGet.targets(125,5): message :       _RestoreSolutionFileUsed=true;
       C:\Program Files\dotnet\sdk\10.0.300\NuGet.targets(125,5): message :       SolutionDir=F:\USER\Csharp.NET\Code-Generator\;
       C:\Program Files\dotnet\sdk\10.0.300\NuGet.targets(125,5): message :       SolutionName=CodeGenerator;
       C:\Program Files\dotnet\sdk\10.0.300\NuGet.targets(125,5): message :       SolutionFileName=CodeGenerator.sln;
       C:\Program Files\dotnet\sdk\10.0.300\NuGet.targets(125,5): message :       SolutionPath=F:\USER\Csharp.NET\Code-Generator\CodeGenerator.sln;
       C:\Program Files\dotnet\sdk\10.0.300\NuGet.targets(125,5): message :       SolutionExt=.sln;
       C:\Program Files\dotnet\sdk\10.0.300\NuGet.targets(125,5): message :     "(이전 값: "ExcludeRestorePackageImports=true")
       C:\Program Files\dotnet\sdk\10.0.300\Sdks\Microsoft.NET.Sdk\targets\Microsoft.PackageDependencyResolution.targets(24,5): message : 속성 재할당: $(ProjectAssetsFile)=C:\Program Files\dotnet\sdk\10.0.300\Sdks\Microsoft.NET.Sdk\targets\Microsoft.PackageDependencyResolution.targets (24,5)의 "F:\USER\Csharp.NET\Code-Generator\src\Project1.App\obj\project.assets.json"(이전 값: "F:\USER\Csharp.NET\Code-Generator\src\Project1.App\obj\/project.assets.json")
       C:\Program Files\dotnet\sdk\10.0.300\Sdks\Microsoft.NET.Sdk\targets\Microsoft.PackageDependencyResolution.targets(29,5): message : 속성 재할당: $(ProjectAssetsCacheFile)=C:\Program Files\dotnet\sdk\10.0.300\Sdks\Microsoft.NET.Sdk\targets\Microsoft.PackageDependencyResolution.targets (29,5)의 "F:\USER\Csharp.NET\Code-Generator\src\Project1.App\obj\Debug\net10.0\Project1.App.assets.cache"(이전 값: "obj\Debug\net10.0\Project1.App.assets.cache")
       C:\Program Files\dotnet\sdk\10.0.300\Sdks\Microsoft.NET.Sdk\targets\Microsoft.PackageDependencyResolution.targets(80,5): message : 속성 재할당: $(ResolveAssemblyReferencesDependsOn)=C:\Program Files\dotnet\sdk\10.0.300\Sdks\Microsoft.NET.Sdk\targets\Microsoft.PackageDependencyResolution.targets (80,5)의 "
       C:\Program Files\dotnet\sdk\10.0.300\Sdks\Microsoft.NET.Sdk\targets\Microsoft.PackageDependencyResolution.targets(80,5): message :       
       C:\Program Files\dotnet\sdk\10.0.300\Sdks\Microsoft.NET.Sdk\targets\Microsoft.PackageDependencyResolution.targets(80,5): message :       ResolveProjectReferences;
       C:\Program Files\dotnet\sdk\10.0.300\Sdks\Microsoft.NET.Sdk\targets\Microsoft.PackageDependencyResolution.targets(80,5): message :       FindInvalidProjectReferences;
       C:\Program Files\dotnet\sdk\10.0.300\Sdks\Microsoft.NET.Sdk\targets\Microsoft.PackageDependencyResolution.targets(80,5): message :       GetFrameworkPaths;
       C:\Program Files\dotnet\sdk\10.0.300\Sdks\Microsoft.NET.Sdk\targets\Microsoft.PackageDependencyResolution.targets(80,5): message :       GetReferenceAssemblyPaths;
       C:\Program Files\dotnet\sdk\10.0.300\Sdks\Microsoft.NET.Sdk\targets\Microsoft.PackageDependencyResolution.targets(80,5): message :       PrepareForBuild;
       C:\Program Files\dotnet\sdk\10.0.300\Sdks\Microsoft.NET.Sdk\targets\Microsoft.PackageDependencyResolution.targets(80,5): message :       ResolveSDKReferences;
       C:\Program Files\dotnet\sdk\10.0.300\Sdks\Microsoft.NET.Sdk\targets\Microsoft.PackageDependencyResolution.targets(80,5): message :       ExpandSDKReferences;
       C:\Program Files\dotnet\sdk\10.0.300\Sdks\Microsoft.NET.Sdk\targets\Microsoft.PackageDependencyResolution.targets(80,5): message :     ;
       C:\Program Files\dotnet\sdk\10.0.300\Sdks\Microsoft.NET.Sdk\targets\Microsoft.PackageDependencyResolution.targets(80,5): message :       ResolvePackageDependenciesForBuild;
       C:\Program Files\dotnet\sdk\10.0.300\Sdks\Microsoft.NET.Sdk\targets\Microsoft.PackageDependencyResolution.targets(80,5): message :       _HandlePackageFileConflicts;
       C:\Program Files\dotnet\sdk\10.0.300\Sdks\Microsoft.NET.Sdk\targets\Microsoft.PackageDependencyResolution.targets(80,5): message :     "(이전 값: "
       C:\Program Files\dotnet\sdk\10.0.300\Sdks\Microsoft.NET.Sdk\targets\Microsoft.PackageDependencyResolution.targets(80,5): message :       ResolveProjectReferences;
       C:\Program Files\dotnet\sdk\10.0.300\Sdks\Microsoft.NET.Sdk\targets\Microsoft.PackageDependencyResolution.targets(80,5): message :       FindInvalidProjectReferences;
       C:\Program Files\dotnet\sdk\10.0.300\Sdks\Microsoft.NET.Sdk\targets\Microsoft.PackageDependencyResolution.targets(80,5): message :       GetFrameworkPaths;
       C:\Program Files\dotnet\sdk\10.0.300\Sdks\Microsoft.NET.Sdk\targets\Microsoft.PackageDependencyResolution.targets(80,5): message :       GetReferenceAssemblyPaths;
       C:\Program Files\dotnet\sdk\10.0.300\Sdks\Microsoft.NET.Sdk\targets\Microsoft.PackageDependencyResolution.targets(80,5): message :       PrepareForBuild;
       C:\Program Files\dotnet\sdk\10.0.300\Sdks\Microsoft.NET.Sdk\targets\Microsoft.PackageDependencyResolution.targets(80,5): message :       ResolveSDKReferences;
       C:\Program Files\dotnet\sdk\10.0.300\Sdks\Microsoft.NET.Sdk\targets\Microsoft.PackageDependencyResolution.targets(80,5): message :       ExpandSDKReferences;
       C:\Program Files\dotnet\sdk\10.0.300\Sdks\Microsoft.NET.Sdk\targets\Microsoft.PackageDependencyResolution.targets(80,5): message :     ")
       C:\Program Files\dotnet\sdk\10.0.300\Sdks\Microsoft.NET.Sdk\targets\Microsoft.PackageDependencyResolution.targets(86,5): message : 속성 재할당: $(PrepareResourcesDependsOn)=C:\Program Files\dotnet\sdk\10.0.300\Sdks\Microsoft.NET.Sdk\targets\Microsoft.PackageDependencyResolution.targets (86,5)의 "
       C:\Program Files\dotnet\sdk\10.0.300\Sdks\Microsoft.NET.Sdk\targets\Microsoft.PackageDependencyResolution.targets(86,5): message :       ResolvePackageDependenciesForBuild;
       C:\Program Files\dotnet\sdk\10.0.300\Sdks\Microsoft.NET.Sdk\targets\Microsoft.PackageDependencyResolution.targets(86,5): message :       _HandlePackageFileConflicts;
       C:\Program Files\dotnet\sdk\10.0.300\Sdks\Microsoft.NET.Sdk\targets\Microsoft.PackageDependencyResolution.targets(86,5): message :       
       C:\Program Files\dotnet\sdk\10.0.300\Sdks\Microsoft.NET.Sdk\targets\Microsoft.PackageDependencyResolution.targets(86,5): message :       ;
       C:\Program Files\dotnet\sdk\10.0.300\Sdks\Microsoft.NET.Sdk\targets\Microsoft.PackageDependencyResolution.targets(86,5): message :       PrepareResourceNames;
       C:\Program Files\dotnet\sdk\10.0.300\Sdks\Microsoft.NET.Sdk\targets\Microsoft.PackageDependencyResolution.targets(86,5): message :       ResGen;
       C:\Program Files\dotnet\sdk\10.0.300\Sdks\Microsoft.NET.Sdk\targets\Microsoft.PackageDependencyResolution.targets(86,5): message :       CompileLicxFiles
       C:\Program Files\dotnet\sdk\10.0.300\Sdks\Microsoft.NET.Sdk\targets\Microsoft.PackageDependencyResolution.targets(86,5): message :     
       C:\Program Files\dotnet\sdk\10.0.300\Sdks\Microsoft.NET.Sdk\targets\Microsoft.PackageDependencyResolution.targets(86,5): message :     "(이전 값: "
       C:\Program Files\dotnet\sdk\10.0.300\Sdks\Microsoft.NET.Sdk\targets\Microsoft.PackageDependencyResolution.targets(86,5): message :       ;
       C:\Program Files\dotnet\sdk\10.0.300\Sdks\Microsoft.NET.Sdk\targets\Microsoft.PackageDependencyResolution.targets(86,5): message :       PrepareResourceNames;
       C:\Program Files\dotnet\sdk\10.0.300\Sdks\Microsoft.NET.Sdk\targets\Microsoft.PackageDependencyResolution.targets(86,5): message :       ResGen;
       C:\Program Files\dotnet\sdk\10.0.300\Sdks\Microsoft.NET.Sdk\targets\Microsoft.PackageDependencyResolution.targets(86,5): message :       CompileLicxFiles
       C:\Program Files\dotnet\sdk\10.0.300\Sdks\Microsoft.NET.Sdk\targets\Microsoft.PackageDependencyResolution.targets(86,5): message :     ")
       C:\Program Files\dotnet\sdk\10.0.300\Sdks\Microsoft.NET.Sdk\targets\Microsoft.NET.Sdk.DefaultItems.targets(35,5): message : 속성 재할당: $(DefaultItemExcludes)=C:\Program Files\dotnet\sdk\10.0.300\Sdks\Microsoft.NET.Sdk\targets\Microsoft.NET.Sdk.DefaultItems.targets (35,5)의 ";bin\Debug\/**;obj\Debug\/**;bin\/**"(이전 값: ";bin\Debug\/**;obj\Debug\/**")
       C:\Program Files\dotnet\sdk\10.0.300\Sdks\Microsoft.NET.Sdk\targets\Microsoft.NET.Sdk.DefaultItems.targets(37,5): message : 속성 재할당: $(DefaultItemExcludes)=C:\Program Files\dotnet\sdk\10.0.300\Sdks\Microsoft.NET.Sdk\targets\Microsoft.NET.Sdk.DefaultItems.targets (37,5)의 ";bin\Debug\/**;obj\Debug\/**;bin\/**;obj\/**"(이전 값: ";bin\Debug\/**;obj\Debug\/**;bin\/**")
       C:\Program Files\dotnet\sdk\10.0.300\Sdks\Microsoft.NET.Sdk\targets\Microsoft.NET.Sdk.DefaultItems.targets(41,5): message : 속성 재할당: $(DefaultItemExcludes)=C:\Program Files\dotnet\sdk\10.0.300\Sdks\Microsoft.NET.Sdk\targets\Microsoft.NET.Sdk.DefaultItems.targets (41,5)의 ";bin\Debug\/**;obj\Debug\/**;bin\/**;obj\/**;bin\Debug\net10.0\publish\/**"(이전 값: ";bin\Debug\/**;obj\Debug\/**;bin\/**;obj\/**")
       C:\Program Files\dotnet\sdk\10.0.300\Sdks\Microsoft.NET.Sdk\targets\Microsoft.NET.Sdk.DefaultItems.targets(44,5): message : 속성 재할당: $(DefaultItemExcludes)=C:\Program Files\dotnet\sdk\10.0.300\Sdks\Microsoft.NET.Sdk\targets\Microsoft.NET.Sdk.DefaultItems.targets (44,5)의 ";bin\Debug\/**;obj\Debug\/**;bin\/**;obj\/**;bin\Debug\net10.0\publish\/**;**/*.user"(이전 값: ";bin\Debug\/**;obj\Debug\/**;bin\/**;obj\/**;bin\Debug\net10.0\publish\/**")
       C:\Program Files\dotnet\sdk\10.0.300\Sdks\Microsoft.NET.Sdk\targets\Microsoft.NET.Sdk.DefaultItems.targets(45,5): message : 속성 재할당: $(DefaultItemExcludes)=C:\Program Files\dotnet\sdk\10.0.300\Sdks\Microsoft.NET.Sdk\targets\Microsoft.NET.Sdk.DefaultItems.targets (45,5)의 ";bin\Debug\/**;obj\Debug\/**;bin\/**;obj\/**;bin\Debug\net10.0\publish\/**;**/*.user;**/*.*proj"(이전 값: ";bin\Debug\/**;obj\Debug\/**;bin\/**;obj\/**;bin\Debug\net10.0\publish\/**;**/*.user")
       C:\Program Files\dotnet\sdk\10.0.300\Sdks\Microsoft.NET.Sdk\targets\Microsoft.NET.Sdk.DefaultItems.targets(46,5): message : 속성 재할당: $(DefaultItemExcludes)=C:\Program Files\dotnet\sdk\10.0.300\Sdks\Microsoft.NET.Sdk\targets\Microsoft.NET.Sdk.DefaultItems.targets (46,5)의 ";bin\Debug\/**;obj\Debug\/**;bin\/**;obj\/**;bin\Debug\net10.0\publish\/**;**/*.user;**/*.*proj;**/*.sln"(이전 값: ";bin\Debug\/**;obj\Debug\/**;bin\/**;obj\/**;bin\Debug\net10.0\publish\/**;**/*.user;**/*.*proj")
       C:\Program Files\dotnet\sdk\10.0.300\Sdks\Microsoft.NET.Sdk\targets\Microsoft.NET.Sdk.DefaultItems.targets(47,5): message : 속성 재할당: $(DefaultItemExcludes)=C:\Program Files\dotnet\sdk\10.0.300\Sdks\Microsoft.NET.Sdk\targets\Microsoft.NET.Sdk.DefaultItems.targets (47,5)의 ";bin\Debug\/**;obj\Debug\/**;bin\/**;obj\/**;bin\Debug\net10.0\publish\/**;**/*.user;**/*.*proj;**/*.sln;**/*.slnx"(이전 값: ";bin\Debug\/**;obj\Debug\/**;bin\/**;obj\/**;bin\Debug\net10.0\publish\/**;**/*.user;**/*.*proj;**/*.sln")
       C:\Program Files\dotnet\sdk\10.0.300\Sdks\Microsoft.NET.Sdk\targets\Microsoft.NET.Sdk.DefaultItems.targets(48,5): message : 속성 재할당: $(DefaultItemExcludes)=C:\Program Files\dotnet\sdk\10.0.300\Sdks\Microsoft.NET.Sdk\targets\Microsoft.NET.Sdk.DefaultItems.targets (48,5)의 ";bin\Debug\/**;obj\Debug\/**;bin\/**;obj\/**;bin\Debug\net10.0\publish\/**;**/*.user;**/*.*proj;**/*.sln;**/*.slnx;**/*.vssscc"(이전 값: ";bin\Debug\/**;obj\Debug\/**;bin\/**;obj\/**;bin\Debug\net10.0\publish\/**;**/*.user;**/*.*proj;**/*.sln;**/*.slnx")
       C:\Program Files\dotnet\sdk\10.0.300\Sdks\Microsoft.NET.Sdk\targets\Microsoft.NET.Sdk.DefaultItems.targets(49,5): message : 속성 재할당: $(DefaultItemExcludes)=C:\Program Files\dotnet\sdk\10.0.300\Sdks\Microsoft.NET.Sdk\targets\Microsoft.NET.Sdk.DefaultItems.targets (49,5)의 ";bin\Debug\/**;obj\Debug\/**;bin\/**;obj\/**;bin\Debug\net10.0\publish\/**;**/*.user;**/*.*proj;**/*.sln;**/*.slnx;**/*.vssscc;**/.DS_Store"(이전 값: ";bin\Debug\/**;obj\Debug\/**;bin\/**;obj\/**;bin\Debug\net10.0\publish\/**;**/*.user;**/*.*proj;**/*.sln;**/*.slnx;**/*.vssscc")
       C:\Program Files\dotnet\sdk\10.0.300\Sdks\Microsoft.NET.Sdk\targets\Microsoft.NET.Sdk.FrameworkReferenceResolution.targets(14,5): message : 속성 재할당: $(ResolveAssemblyReferencesDependsOn)=C:\Program Files\dotnet\sdk\10.0.300\Sdks\Microsoft.NET.Sdk\targets\Microsoft.NET.Sdk.FrameworkReferenceResolution.targets (14,5)의 "
       C:\Program Files\dotnet\sdk\10.0.300\Sdks\Microsoft.NET.Sdk\targets\Microsoft.NET.Sdk.FrameworkReferenceResolution.targets(14,5): message :       
       C:\Program Files\dotnet\sdk\10.0.300\Sdks\Microsoft.NET.Sdk\targets\Microsoft.NET.Sdk.FrameworkReferenceResolution.targets(14,5): message :       
       C:\Program Files\dotnet\sdk\10.0.300\Sdks\Microsoft.NET.Sdk\targets\Microsoft.NET.Sdk.FrameworkReferenceResolution.targets(14,5): message :       ResolveProjectReferences;
       C:\Program Files\dotnet\sdk\10.0.300\Sdks\Microsoft.NET.Sdk\targets\Microsoft.NET.Sdk.FrameworkReferenceResolution.targets(14,5): message :       FindInvalidProjectReferences;
       C:\Program Files\dotnet\sdk\10.0.300\Sdks\Microsoft.NET.Sdk\targets\Microsoft.NET.Sdk.FrameworkReferenceResolution.targets(14,5): message :       GetFrameworkPaths;
       C:\Program Files\dotnet\sdk\10.0.300\Sdks\Microsoft.NET.Sdk\targets\Microsoft.NET.Sdk.FrameworkReferenceResolution.targets(14,5): message :       GetReferenceAssemblyPaths;
       C:\Program Files\dotnet\sdk\10.0.300\Sdks\Microsoft.NET.Sdk\targets\Microsoft.NET.Sdk.FrameworkReferenceResolution.targets(14,5): message :       PrepareForBuild;
       C:\Program Files\dotnet\sdk\10.0.300\Sdks\Microsoft.NET.Sdk\targets\Microsoft.NET.Sdk.FrameworkReferenceResolution.targets(14,5): message :       ResolveSDKReferences;
       C:\Program Files\dotnet\sdk\10.0.300\Sdks\Microsoft.NET.Sdk\targets\Microsoft.NET.Sdk.FrameworkReferenceResolution.targets(14,5): message :       ExpandSDKReferences;
       C:\Program Files\dotnet\sdk\10.0.300\Sdks\Microsoft.NET.Sdk\targets\Microsoft.NET.Sdk.FrameworkReferenceResolution.targets(14,5): message :     ;
       C:\Program Files\dotnet\sdk\10.0.300\Sdks\Microsoft.NET.Sdk\targets\Microsoft.NET.Sdk.FrameworkReferenceResolution.targets(14,5): message :       ResolvePackageDependenciesForBuild;
       C:\Program Files\dotnet\sdk\10.0.300\Sdks\Microsoft.NET.Sdk\targets\Microsoft.NET.Sdk.FrameworkReferenceResolution.targets(14,5): message :       _HandlePackageFileConflicts;
       C:\Program Files\dotnet\sdk\10.0.300\Sdks\Microsoft.NET.Sdk\targets\Microsoft.NET.Sdk.FrameworkReferenceResolution.targets(14,5): message :     ;
       C:\Program Files\dotnet\sdk\10.0.300\Sdks\Microsoft.NET.Sdk\targets\Microsoft.NET.Sdk.FrameworkReferenceResolution.targets(14,5): message :       ResolveTargetingPackAssets;
       C:\Program Files\dotnet\sdk\10.0.300\Sdks\Microsoft.NET.Sdk\targets\Microsoft.NET.Sdk.FrameworkReferenceResolution.targets(14,5): message :     "(이전 값: "
       C:\Program Files\dotnet\sdk\10.0.300\Sdks\Microsoft.NET.Sdk\targets\Microsoft.NET.Sdk.FrameworkReferenceResolution.targets(14,5): message :       
       C:\Program Files\dotnet\sdk\10.0.300\Sdks\Microsoft.NET.Sdk\targets\Microsoft.NET.Sdk.FrameworkReferenceResolution.targets(14,5): message :       ResolveProjectReferences;
       C:\Program Files\dotnet\sdk\10.0.300\Sdks\Microsoft.NET.Sdk\targets\Microsoft.NET.Sdk.FrameworkReferenceResolution.targets(14,5): message :       FindInvalidProjectReferences;
       C:\Program Files\dotnet\sdk\10.0.300\Sdks\Microsoft.NET.Sdk\targets\Microsoft.NET.Sdk.FrameworkReferenceResolution.targets(14,5): message :       GetFrameworkPaths;
       C:\Program Files\dotnet\sdk\10.0.300\Sdks\Microsoft.NET.Sdk\targets\Microsoft.NET.Sdk.FrameworkReferenceResolution.targets(14,5): message :       GetReferenceAssemblyPaths;
       C:\Program Files\dotnet\sdk\10.0.300\Sdks\Microsoft.NET.Sdk\targets\Microsoft.NET.Sdk.FrameworkReferenceResolution.targets(14,5): message :       PrepareForBuild;
       C:\Program Files\dotnet\sdk\10.0.300\Sdks\Microsoft.NET.Sdk\targets\Microsoft.NET.Sdk.FrameworkReferenceResolution.targets(14,5): message :       ResolveSDKReferences;
       C:\Program Files\dotnet\sdk\10.0.300\Sdks\Microsoft.NET.Sdk\targets\Microsoft.NET.Sdk.FrameworkReferenceResolution.targets(14,5): message :       ExpandSDKReferences;
       C:\Program Files\dotnet\sdk\10.0.300\Sdks\Microsoft.NET.Sdk\targets\Microsoft.NET.Sdk.FrameworkReferenceResolution.targets(14,5): message :     ;
       C:\Program Files\dotnet\sdk\10.0.300\Sdks\Microsoft.NET.Sdk\targets\Microsoft.NET.Sdk.FrameworkReferenceResolution.targets(14,5): message :       ResolvePackageDependenciesForBuild;
       C:\Program Files\dotnet\sdk\10.0.300\Sdks\Microsoft.NET.Sdk\targets\Microsoft.NET.Sdk.FrameworkReferenceResolution.targets(14,5): message :       _HandlePackageFileConflicts;
       C:\Program Files\dotnet\sdk\10.0.300\Sdks\Microsoft.NET.Sdk\targets\Microsoft.NET.Sdk.FrameworkReferenceResolution.targets(14,5): message :     ")
       C:\Program Files\dotnet\sdk\10.0.300\Sdks\Microsoft.NET.Sdk\targets\Microsoft.NET.Sdk.targets(44,5): message : 속성 재할당: $(_GenerateRuntimeConfigurationPropertyInputsCache)=C:\Program Files\dotnet\sdk\10.0.300\Sdks\Microsoft.NET.Sdk\targets\Microsoft.NET.Sdk.targets (44,5)의 "F:\USER\Csharp.NET\Code-Generator\src\Project1.App\obj\Debug\net10.0\Project1.App.genruntimeconfig.cache"(이전 값: "obj\Debug\net10.0\Project1.App.genruntimeconfig.cache")
       C:\Program Files\dotnet\sdk\10.0.300\Sdks\Microsoft.NET.Sdk\targets\Microsoft.NET.Sdk.targets(46,5): message : 속성 재할당: $(_GeneratePublishDependencyFilePropertyInputsCache)=C:\Program Files\dotnet\sdk\10.0.300\Sdks\Microsoft.NET.Sdk\targets\Microsoft.NET.Sdk.targets (46,5)의 "F:\USER\Csharp.NET\Code-Generator\src\Project1.App\obj\Debug\net10.0\Project1.App.genpublishdeps.cache"(이전 값: "obj\Debug\net10.0\Project1.App.genpublishdeps.cache")
       C:\Program Files\dotnet\sdk\10.0.300\Sdks\Microsoft.NET.Sdk\targets\Microsoft.NET.Sdk.targets(48,5): message : 속성 재할당: $(_GenerateSingleFileBundlePropertyInputsCache)=C:\Program Files\dotnet\sdk\10.0.300\Sdks\Microsoft.NET.Sdk\targets\Microsoft.NET.Sdk.targets (48,5)의 "F:\USER\Csharp.NET\Code-Generator\src\Project1.App\obj\Debug\net10.0\Project1.App.genbundle.cache"(이전 값: "obj\Debug\net10.0\Project1.App.genbundle.cache")
       C:\Program Files\dotnet\sdk\10.0.300\Sdks\Microsoft.NET.Sdk\targets\Microsoft.NET.Sdk.targets(81,5): message : 속성 재할당: $(GenerateRuntimeConfigDevFile)=C:\Program Files\dotnet\sdk\10.0.300\Sdks\Microsoft.NET.Sdk\targets\Microsoft.NET.Sdk.targets (81,5)의 "false"(이전 값: "true")
       C:\Program Files\dotnet\sdk\10.0.300\Sdks\Microsoft.NET.Sdk\targets\Microsoft.NET.Sdk.targets(98,5): message : 환경에서 값이 'USERPROFILE'인 속성 'C:\Users\Soletop'이(가) 확장되었습니다.
       C:\Program Files\dotnet\sdk\10.0.300\Sdks\Microsoft.NET.Sdk\targets\Microsoft.NET.Sdk.targets(98,5): message : 속성 재할당: $(_DefaultUserProfileRuntimeStorePath)=C:\Program Files\dotnet\sdk\10.0.300\Sdks\Microsoft.NET.Sdk\targets\Microsoft.NET.Sdk.targets (98,5)의 "C:\Users\Soletop"(이전 값: "")
       C:\Program Files\dotnet\sdk\10.0.300\Sdks\Microsoft.NET.Sdk\targets\Microsoft.NET.Sdk.targets(99,5): message : 속성 재할당: $(_DefaultUserProfileRuntimeStorePath)=C:\Program Files\dotnet\sdk\10.0.300\Sdks\Microsoft.NET.Sdk\targets\Microsoft.NET.Sdk.targets (99,5)의 "C:\Users\Soletop\.dotnet\store"(이전 값: "C:\Users\Soletop")
       C:\Program Files\dotnet\sdk\10.0.300\Sdks\Microsoft.NET.Sdk\targets\Microsoft.NET.Sdk.targets(144,5): message : 속성 재할당: $(AvailablePlatforms)=C:\Program Files\dotnet\sdk\10.0.300\Sdks\Microsoft.NET.Sdk\targets\Microsoft.NET.Sdk.targets (144,5)의 "Any CPU,x86,x64,ARM32"(이전 값: "Any CPU,x86,x64")
       C:\Program Files\dotnet\sdk\10.0.300\Sdks\Microsoft.NET.Sdk\targets\Microsoft.NET.Sdk.targets(148,5): message : 속성 재할당: $(AvailablePlatforms)=C:\Program Files\dotnet\sdk\10.0.300\Sdks\Microsoft.NET.Sdk\targets\Microsoft.NET.Sdk.targets (148,5)의 "Any CPU,x86,x64,ARM32,ARM64"(이전 값: "Any CPU,x86,x64,ARM32")
       C:\Program Files\dotnet\sdk\10.0.300\Sdks\Microsoft.NET.Sdk\targets\Microsoft.NET.Sdk.targets(204,5): message : 속성 재할당: $(CoreBuildDependsOn)=C:\Program Files\dotnet\sdk\10.0.300\Sdks\Microsoft.NET.Sdk\targets\Microsoft.NET.Sdk.targets (204,5)의 "
       C:\Program Files\dotnet\sdk\10.0.300\Sdks\Microsoft.NET.Sdk\targets\Microsoft.NET.Sdk.targets(204,5): message :       _CheckForBuildWithNoBuild;
       C:\Program Files\dotnet\sdk\10.0.300\Sdks\Microsoft.NET.Sdk\targets\Microsoft.NET.Sdk.targets(204,5): message :       
       C:\Program Files\dotnet\sdk\10.0.300\Sdks\Microsoft.NET.Sdk\targets\Microsoft.NET.Sdk.targets(204,5): message :       BuildOnlySettings;
       C:\Program Files\dotnet\sdk\10.0.300\Sdks\Microsoft.NET.Sdk\targets\Microsoft.NET.Sdk.targets(204,5): message :       PrepareForBuild;
       C:\Program Files\dotnet\sdk\10.0.300\Sdks\Microsoft.NET.Sdk\targets\Microsoft.NET.Sdk.targets(204,5): message :       PreBuildEvent;
       C:\Program Files\dotnet\sdk\10.0.300\Sdks\Microsoft.NET.Sdk\targets\Microsoft.NET.Sdk.targets(204,5): message :       ResolveReferences;
       C:\Program Files\dotnet\sdk\10.0.300\Sdks\Microsoft.NET.Sdk\targets\Microsoft.NET.Sdk.targets(204,5): message :       PrepareResources;
       C:\Program Files\dotnet\sdk\10.0.300\Sdks\Microsoft.NET.Sdk\targets\Microsoft.NET.Sdk.targets(204,5): message :       ResolveKeySource;
       C:\Program Files\dotnet\sdk\10.0.300\Sdks\Microsoft.NET.Sdk\targets\Microsoft.NET.Sdk.targets(204,5): message :       Compile;
       C:\Program Files\dotnet\sdk\10.0.300\Sdks\Microsoft.NET.Sdk\targets\Microsoft.NET.Sdk.targets(204,5): message :       ExportWindowsMDFile;
       C:\Program Files\dotnet\sdk\10.0.300\Sdks\Microsoft.NET.Sdk\targets\Microsoft.NET.Sdk.targets(204,5): message :       UnmanagedUnregistration;
       C:\Program Files\dotnet\sdk\10.0.300\Sdks\Microsoft.NET.Sdk\targets\Microsoft.NET.Sdk.targets(204,5): message :       GenerateSerializationAssemblies;
       C:\Program Files\dotnet\sdk\10.0.300\Sdks\Microsoft.NET.Sdk\targets\Microsoft.NET.Sdk.targets(204,5): message :       CreateSatelliteAssemblies;
       C:\Program Files\dotnet\sdk\10.0.300\Sdks\Microsoft.NET.Sdk\targets\Microsoft.NET.Sdk.targets(204,5): message :       GenerateManifests;
       C:\Program Files\dotnet\sdk\10.0.300\Sdks\Microsoft.NET.Sdk\targets\Microsoft.NET.Sdk.targets(204,5): message :       GetTargetPath;
       C:\Program Files\dotnet\sdk\10.0.300\Sdks\Microsoft.NET.Sdk\targets\Microsoft.NET.Sdk.targets(204,5): message :       PrepareForRun;
       C:\Program Files\dotnet\sdk\10.0.300\Sdks\Microsoft.NET.Sdk\targets\Microsoft.NET.Sdk.targets(204,5): message :       UnmanagedRegistration;
       C:\Program Files\dotnet\sdk\10.0.300\Sdks\Microsoft.NET.Sdk\targets\Microsoft.NET.Sdk.targets(204,5): message :       IncrementalClean;
       C:\Program Files\dotnet\sdk\10.0.300\Sdks\Microsoft.NET.Sdk\targets\Microsoft.NET.Sdk.targets(204,5): message :       PostBuildEvent
       C:\Program Files\dotnet\sdk\10.0.300\Sdks\Microsoft.NET.Sdk\targets\Microsoft.NET.Sdk.targets(204,5): message :     ;
       C:\Program Files\dotnet\sdk\10.0.300\Sdks\Microsoft.NET.Sdk\targets\Microsoft.NET.Sdk.targets(204,5): message :       GenerateBuildDependencyFile;
       C:\Program Files\dotnet\sdk\10.0.300\Sdks\Microsoft.NET.Sdk\targets\Microsoft.NET.Sdk.targets(204,5): message :       GenerateBuildRuntimeConfigurationFiles
       C:\Program Files\dotnet\sdk\10.0.300\Sdks\Microsoft.NET.Sdk\targets\Microsoft.NET.Sdk.targets(204,5): message :     "(이전 값: "
       C:\Program Files\dotnet\sdk\10.0.300\Sdks\Microsoft.NET.Sdk\targets\Microsoft.NET.Sdk.targets(204,5): message :       BuildOnlySettings;
       C:\Program Files\dotnet\sdk\10.0.300\Sdks\Microsoft.NET.Sdk\targets\Microsoft.NET.Sdk.targets(204,5): message :       PrepareForBuild;
       C:\Program Files\dotnet\sdk\10.0.300\Sdks\Microsoft.NET.Sdk\targets\Microsoft.NET.Sdk.targets(204,5): message :       PreBuildEvent;
       C:\Program Files\dotnet\sdk\10.0.300\Sdks\Microsoft.NET.Sdk\targets\Microsoft.NET.Sdk.targets(204,5): message :       ResolveReferences;
       C:\Program Files\dotnet\sdk\10.0.300\Sdks\Microsoft.NET.Sdk\targets\Microsoft.NET.Sdk.targets(204,5): message :       PrepareResources;
       C:\Program Files\dotnet\sdk\10.0.300\Sdks\Microsoft.NET.Sdk\targets\Microsoft.NET.Sdk.targets(204,5): message :       ResolveKeySource;
       C:\Program Files\dotnet\sdk\10.0.300\Sdks\Microsoft.NET.Sdk\targets\Microsoft.NET.Sdk.targets(204,5): message :       Compile;
       C:\Program Files\dotnet\sdk\10.0.300\Sdks\Microsoft.NET.Sdk\targets\Microsoft.NET.Sdk.targets(204,5): message :       ExportWindowsMDFile;
       C:\Program Files\dotnet\sdk\10.0.300\Sdks\Microsoft.NET.Sdk\targets\Microsoft.NET.Sdk.targets(204,5): message :       UnmanagedUnregistration;
       C:\Program Files\dotnet\sdk\10.0.300\Sdks\Microsoft.NET.Sdk\targets\Microsoft.NET.Sdk.targets(204,5): message :       GenerateSerializationAssemblies;
       C:\Program Files\dotnet\sdk\10.0.300\Sdks\Microsoft.NET.Sdk\targets\Microsoft.NET.Sdk.targets(204,5): message :       CreateSatelliteAssemblies;
       C:\Program Files\dotnet\sdk\10.0.300\Sdks\Microsoft.NET.Sdk\targets\Microsoft.NET.Sdk.targets(204,5): message :       GenerateManifests;
       C:\Program Files\dotnet\sdk\10.0.300\Sdks\Microsoft.NET.Sdk\targets\Microsoft.NET.Sdk.targets(204,5): message :       GetTargetPath;
       C:\Program Files\dotnet\sdk\10.0.300\Sdks\Microsoft.NET.Sdk\targets\Microsoft.NET.Sdk.targets(204,5): message :       PrepareForRun;
       C:\Program Files\dotnet\sdk\10.0.300\Sdks\Microsoft.NET.Sdk\targets\Microsoft.NET.Sdk.targets(204,5): message :       UnmanagedRegistration;
       C:\Program Files\dotnet\sdk\10.0.300\Sdks\Microsoft.NET.Sdk\targets\Microsoft.NET.Sdk.targets(204,5): message :       IncrementalClean;
       C:\Program Files\dotnet\sdk\10.0.300\Sdks\Microsoft.NET.Sdk\targets\Microsoft.NET.Sdk.targets(204,5): message :       PostBuildEvent
       C:\Program Files\dotnet\sdk\10.0.300\Sdks\Microsoft.NET.Sdk\targets\Microsoft.NET.Sdk.targets(204,5): message :     ")
       C:\Program Files\dotnet\sdk\10.0.300\Sdks\Microsoft.NET.Sdk\targets\Microsoft.NET.Sdk.targets(213,5): message : 속성 재할당: $(CoreCleanDependsOn)=C:\Program Files\dotnet\sdk\10.0.300\Sdks\Microsoft.NET.Sdk\targets\Microsoft.NET.Sdk.targets (213,5)의 "
       C:\Program Files\dotnet\sdk\10.0.300\Sdks\Microsoft.NET.Sdk\targets\Microsoft.NET.Sdk.targets(213,5): message :       _SdkBeforeClean;
       C:\Program Files\dotnet\sdk\10.0.300\Sdks\Microsoft.NET.Sdk\targets\Microsoft.NET.Sdk.targets(213,5): message :       
       C:\Program Files\dotnet\sdk\10.0.300\Sdks\Microsoft.NET.Sdk\targets\Microsoft.NET.Sdk.targets(213,5): message :     "(이전 값: "")
       C:\Program Files\dotnet\sdk\10.0.300\Sdks\Microsoft.NET.Sdk\targets\Microsoft.NET.Sdk.targets(220,5): message : 속성 재할당: $(RebuildDependsOn)=C:\Program Files\dotnet\sdk\10.0.300\Sdks\Microsoft.NET.Sdk\targets\Microsoft.NET.Sdk.targets (220,5)의 "
       C:\Program Files\dotnet\sdk\10.0.300\Sdks\Microsoft.NET.Sdk\targets\Microsoft.NET.Sdk.targets(220,5): message :       _SdkBeforeRebuild;
       C:\Program Files\dotnet\sdk\10.0.300\Sdks\Microsoft.NET.Sdk\targets\Microsoft.NET.Sdk.targets(220,5): message :       
       C:\Program Files\dotnet\sdk\10.0.300\Sdks\Microsoft.NET.Sdk\targets\Microsoft.NET.Sdk.targets(220,5): message :       BeforeRebuild;
       C:\Program Files\dotnet\sdk\10.0.300\Sdks\Microsoft.NET.Sdk\targets\Microsoft.NET.Sdk.targets(220,5): message :       Clean;
       C:\Program Files\dotnet\sdk\10.0.300\Sdks\Microsoft.NET.Sdk\targets\Microsoft.NET.Sdk.targets(220,5): message :       Build;
       C:\Program Files\dotnet\sdk\10.0.300\Sdks\Microsoft.NET.Sdk\targets\Microsoft.NET.Sdk.targets(220,5): message :       AfterRebuild;
       C:\Program Files\dotnet\sdk\10.0.300\Sdks\Microsoft.NET.Sdk\targets\Microsoft.NET.Sdk.targets(220,5): message :     
       C:\Program Files\dotnet\sdk\10.0.300\Sdks\Microsoft.NET.Sdk\targets\Microsoft.NET.Sdk.targets(220,5): message :     "(이전 값: "
       C:\Program Files\dotnet\sdk\10.0.300\Sdks\Microsoft.NET.Sdk\targets\Microsoft.NET.Sdk.targets(220,5): message :       BeforeRebuild;
       C:\Program Files\dotnet\sdk\10.0.300\Sdks\Microsoft.NET.Sdk\targets\Microsoft.NET.Sdk.targets(220,5): message :       Clean;
       C:\Program Files\dotnet\sdk\10.0.300\Sdks\Microsoft.NET.Sdk\targets\Microsoft.NET.Sdk.targets(220,5): message :       Build;
       C:\Program Files\dotnet\sdk\10.0.300\Sdks\Microsoft.NET.Sdk\targets\Microsoft.NET.Sdk.targets(220,5): message :       AfterRebuild;
       C:\Program Files\dotnet\sdk\10.0.300\Sdks\Microsoft.NET.Sdk\targets\Microsoft.NET.Sdk.targets(220,5): message :     ")
       C:\Program Files\dotnet\sdk\10.0.300\Sdks\Microsoft.NET.Sdk\targets\Microsoft.NET.Sdk.targets(799,5): message : 속성 재할당: $(CompileDependsOn)=C:\Program Files\dotnet\sdk\10.0.300\Sdks\Microsoft.NET.Sdk\targets\Microsoft.NET.Sdk.targets (799,5)의 "
       C:\Program Files\dotnet\sdk\10.0.300\Sdks\Microsoft.NET.Sdk\targets\Microsoft.NET.Sdk.targets(799,5): message :       
       C:\Program Files\dotnet\sdk\10.0.300\Sdks\Microsoft.NET.Sdk\targets\Microsoft.NET.Sdk.targets(799,5): message :       ResolveReferences;
       C:\Program Files\dotnet\sdk\10.0.300\Sdks\Microsoft.NET.Sdk\targets\Microsoft.NET.Sdk.targets(799,5): message :       ResolveKeySource;
       C:\Program Files\dotnet\sdk\10.0.300\Sdks\Microsoft.NET.Sdk\targets\Microsoft.NET.Sdk.targets(799,5): message :       SetWin32ManifestProperties;
       C:\Program Files\dotnet\sdk\10.0.300\Sdks\Microsoft.NET.Sdk\targets\Microsoft.NET.Sdk.targets(799,5): message :       _SetPreferNativeArm64Win32ManifestProperties;
       C:\Program Files\dotnet\sdk\10.0.300\Sdks\Microsoft.NET.Sdk\targets\Microsoft.NET.Sdk.targets(799,5): message :       FindReferenceAssembliesForReferences;
       C:\Program Files\dotnet\sdk\10.0.300\Sdks\Microsoft.NET.Sdk\targets\Microsoft.NET.Sdk.targets(799,5): message :       _GenerateCompileInputs;
       C:\Program Files\dotnet\sdk\10.0.300\Sdks\Microsoft.NET.Sdk\targets\Microsoft.NET.Sdk.targets(799,5): message :       BeforeCompile;
       C:\Program Files\dotnet\sdk\10.0.300\Sdks\Microsoft.NET.Sdk\targets\Microsoft.NET.Sdk.targets(799,5): message :       _TimeStampBeforeCompile;
       C:\Program Files\dotnet\sdk\10.0.300\Sdks\Microsoft.NET.Sdk\targets\Microsoft.NET.Sdk.targets(799,5): message :       _GenerateCompileDependencyCache;
       C:\Program Files\dotnet\sdk\10.0.300\Sdks\Microsoft.NET.Sdk\targets\Microsoft.NET.Sdk.targets(799,5): message :       CoreCompile;
       C:\Program Files\dotnet\sdk\10.0.300\Sdks\Microsoft.NET.Sdk\targets\Microsoft.NET.Sdk.targets(799,5): message :       _TimeStampAfterCompile;
       C:\Program Files\dotnet\sdk\10.0.300\Sdks\Microsoft.NET.Sdk\targets\Microsoft.NET.Sdk.targets(799,5): message :       AfterCompile;
       C:\Program Files\dotnet\sdk\10.0.300\Sdks\Microsoft.NET.Sdk\targets\Microsoft.NET.Sdk.targets(799,5): message :     ;
       C:\Program Files\dotnet\sdk\10.0.300\Sdks\Microsoft.NET.Sdk\targets\Microsoft.NET.Sdk.targets(799,5): message :       _CreateAppHost;
       C:\Program Files\dotnet\sdk\10.0.300\Sdks\Microsoft.NET.Sdk\targets\Microsoft.NET.Sdk.targets(799,5): message :       _CreateComHost;
       C:\Program Files\dotnet\sdk\10.0.300\Sdks\Microsoft.NET.Sdk\targets\Microsoft.NET.Sdk.targets(799,5): message :       _GetIjwHostPaths;
       C:\Program Files\dotnet\sdk\10.0.300\Sdks\Microsoft.NET.Sdk\targets\Microsoft.NET.Sdk.targets(799,5): message :     "(이전 값: "
       C:\Program Files\dotnet\sdk\10.0.300\Sdks\Microsoft.NET.Sdk\targets\Microsoft.NET.Sdk.targets(799,5): message :       ResolveReferences;
       C:\Program Files\dotnet\sdk\10.0.300\Sdks\Microsoft.NET.Sdk\targets\Microsoft.NET.Sdk.targets(799,5): message :       ResolveKeySource;
       C:\Program Files\dotnet\sdk\10.0.300\Sdks\Microsoft.NET.Sdk\targets\Microsoft.NET.Sdk.targets(799,5): message :       SetWin32ManifestProperties;
       C:\Program Files\dotnet\sdk\10.0.300\Sdks\Microsoft.NET.Sdk\targets\Microsoft.NET.Sdk.targets(799,5): message :       _SetPreferNativeArm64Win32ManifestProperties;
       C:\Program Files\dotnet\sdk\10.0.300\Sdks\Microsoft.NET.Sdk\targets\Microsoft.NET.Sdk.targets(799,5): message :       FindReferenceAssembliesForReferences;
       C:\Program Files\dotnet\sdk\10.0.300\Sdks\Microsoft.NET.Sdk\targets\Microsoft.NET.Sdk.targets(799,5): message :       _GenerateCompileInputs;
       C:\Program Files\dotnet\sdk\10.0.300\Sdks\Microsoft.NET.Sdk\targets\Microsoft.NET.Sdk.targets(799,5): message :       BeforeCompile;
       C:\Program Files\dotnet\sdk\10.0.300\Sdks\Microsoft.NET.Sdk\targets\Microsoft.NET.Sdk.targets(799,5): message :       _TimeStampBeforeCompile;
       C:\Program Files\dotnet\sdk\10.0.300\Sdks\Microsoft.NET.Sdk\targets\Microsoft.NET.Sdk.targets(799,5): message :       _GenerateCompileDependencyCache;
       C:\Program Files\dotnet\sdk\10.0.300\Sdks\Microsoft.NET.Sdk\targets\Microsoft.NET.Sdk.targets(799,5): message :       CoreCompile;
       C:\Program Files\dotnet\sdk\10.0.300\Sdks\Microsoft.NET.Sdk\targets\Microsoft.NET.Sdk.targets(799,5): message :       _TimeStampAfterCompile;
       C:\Program Files\dotnet\sdk\10.0.300\Sdks\Microsoft.NET.Sdk\targets\Microsoft.NET.Sdk.targets(799,5): message :       AfterCompile;
       C:\Program Files\dotnet\sdk\10.0.300\Sdks\Microsoft.NET.Sdk\targets\Microsoft.NET.Sdk.targets(799,5): message :     ")
       C:\Program Files\dotnet\sdk\10.0.300\Sdks\Microsoft.NET.Sdk\targets\Microsoft.NET.Sdk.targets(1131,5): message : 속성 재할당: $(CreateSatelliteAssembliesDependsOn)=C:\Program Files\dotnet\sdk\10.0.300\Sdks\Microsoft.NET.Sdk\targets\Microsoft.NET.Sdk.targets (1131,5)의 "
       C:\Program Files\dotnet\sdk\10.0.300\Sdks\Microsoft.NET.Sdk\targets\Microsoft.NET.Sdk.targets(1131,5): message :       
       C:\Program Files\dotnet\sdk\10.0.300\Sdks\Microsoft.NET.Sdk\targets\Microsoft.NET.Sdk.targets(1131,5): message :       ;
       C:\Program Files\dotnet\sdk\10.0.300\Sdks\Microsoft.NET.Sdk\targets\Microsoft.NET.Sdk.targets(1131,5): message :       _GenerateSatelliteAssemblyInputs;
       C:\Program Files\dotnet\sdk\10.0.300\Sdks\Microsoft.NET.Sdk\targets\Microsoft.NET.Sdk.targets(1131,5): message :       ComputeIntermediateSatelliteAssemblies;
       C:\Program Files\dotnet\sdk\10.0.300\Sdks\Microsoft.NET.Sdk\targets\Microsoft.NET.Sdk.targets(1131,5): message :       GenerateSatelliteAssemblies
       C:\Program Files\dotnet\sdk\10.0.300\Sdks\Microsoft.NET.Sdk\targets\Microsoft.NET.Sdk.targets(1131,5): message :     ;
       C:\Program Files\dotnet\sdk\10.0.300\Sdks\Microsoft.NET.Sdk\targets\Microsoft.NET.Sdk.targets(1131,5): message :       CoreGenerateSatelliteAssemblies
       C:\Program Files\dotnet\sdk\10.0.300\Sdks\Microsoft.NET.Sdk\targets\Microsoft.NET.Sdk.targets(1131,5): message :     "(이전 값: "
       C:\Program Files\dotnet\sdk\10.0.300\Sdks\Microsoft.NET.Sdk\targets\Microsoft.NET.Sdk.targets(1131,5): message :       ;
       C:\Program Files\dotnet\sdk\10.0.300\Sdks\Microsoft.NET.Sdk\targets\Microsoft.NET.Sdk.targets(1131,5): message :       _GenerateSatelliteAssemblyInputs;
       C:\Program Files\dotnet\sdk\10.0.300\Sdks\Microsoft.NET.Sdk\targets\Microsoft.NET.Sdk.targets(1131,5): message :       ComputeIntermediateSatelliteAssemblies;
       C:\Program Files\dotnet\sdk\10.0.300\Sdks\Microsoft.NET.Sdk\targets\Microsoft.NET.Sdk.targets(1131,5): message :       GenerateSatelliteAssemblies
       C:\Program Files\dotnet\sdk\10.0.300\Sdks\Microsoft.NET.Sdk\targets\Microsoft.NET.Sdk.targets(1131,5): message :     ")
       C:\Program Files\dotnet\sdk\10.0.300\Sdks\Microsoft.SourceLink.GitLab\build\Microsoft.SourceLink.GitLab.targets(12,5): message : 속성 재할당: $(SourceLinkUrlInitializerTargets)=C:\Program Files\dotnet\sdk\10.0.300\Sdks\Microsoft.SourceLink.GitLab\build\Microsoft.SourceLink.GitLab.targets (12,5)의 ";_InitializeGitHubSourceLinkUrl;_InitializeGitLabSourceLinkUrl"(이전 값: ";_InitializeGitHubSourceLinkUrl")
       C:\Program Files\dotnet\sdk\10.0.300\Sdks\Microsoft.SourceLink.GitLab\build\Microsoft.SourceLink.GitLab.targets(13,5): message : 속성 재할당: $(SourceControlManagerUrlTranslationTargets)=C:\Program Files\dotnet\sdk\10.0.300\Sdks\Microsoft.SourceLink.GitLab\build\Microsoft.SourceLink.GitLab.targets (13,5)의 ";TranslateGitHubUrlsInSourceControlInformation;TranslateGitLabUrlsInSourceControlInformation"(이전 값: ";TranslateGitHubUrlsInSourceControlInformation")
       C:\Program Files\dotnet\sdk\10.0.300\Sdks\Microsoft.SourceLink.AzureRepos.Git\build\Microsoft.SourceLink.AzureRepos.Git.targets(12,5): message : 속성 재할당: $(SourceLinkUrlInitializerTargets)=C:\Program Files\dotnet\sdk\10.0.300\Sdks\Microsoft.SourceLink.AzureRepos.Git\build\Microsoft.SourceLink.AzureRepos.Git.targets (12,5)의 ";_InitializeGitHubSourceLinkUrl;_InitializeGitLabSourceLinkUrl;_InitializeAzureReposGitSourceLinkUrl"(이전 값: ";_InitializeGitHubSourceLinkUrl;_InitializeGitLabSourceLinkUrl")
       C:\Program Files\dotnet\sdk\10.0.300\Sdks\Microsoft.SourceLink.AzureRepos.Git\build\Microsoft.SourceLink.AzureRepos.Git.targets(13,5): message : 속성 재할당: $(SourceControlManagerUrlTranslationTargets)=C:\Program Files\dotnet\sdk\10.0.300\Sdks\Microsoft.SourceLink.AzureRepos.Git\build\Microsoft.SourceLink.AzureRepos.Git.targets (13,5)의 ";TranslateGitHubUrlsInSourceControlInformation;TranslateGitLabUrlsInSourceControlInformation;TranslateAzureReposGitUrlsInSourceControlInformation"(이전 값: ";TranslateGitHubUrlsInSourceControlInformation;TranslateGitLabUrlsInSourceControlInformation")
       C:\Program Files\dotnet\sdk\10.0.300\Sdks\Microsoft.SourceLink.Bitbucket.Git\build\Microsoft.SourceLink.Bitbucket.Git.targets(12,5): message : 속성 재할당: $(SourceLinkUrlInitializerTargets)=C:\Program Files\dotnet\sdk\10.0.300\Sdks\Microsoft.SourceLink.Bitbucket.Git\build\Microsoft.SourceLink.Bitbucket.Git.targets (12,5)의 ";_InitializeGitHubSourceLinkUrl;_InitializeGitLabSourceLinkUrl;_InitializeAzureReposGitSourceLinkUrl;_InitializeBitbucketGitSourceLinkUrl"(이전 값: ";_InitializeGitHubSourceLinkUrl;_InitializeGitLabSourceLinkUrl;_InitializeAzureReposGitSourceLinkUrl")
       C:\Program Files\dotnet\sdk\10.0.300\Sdks\Microsoft.SourceLink.Bitbucket.Git\build\Microsoft.SourceLink.Bitbucket.Git.targets(13,5): message : 속성 재할당: $(SourceControlManagerUrlTranslationTargets)=C:\Program Files\dotnet\sdk\10.0.300\Sdks\Microsoft.SourceLink.Bitbucket.Git\build\Microsoft.SourceLink.Bitbucket.Git.targets (13,5)의 ";TranslateGitHubUrlsInSourceControlInformation;TranslateGitLabUrlsInSourceControlInformation;TranslateAzureReposGitUrlsInSourceControlInformation;TranslateBitbucketGitUrlsInSourceControlInformation"(이전 값: ";TranslateGitHubUrlsInSourceControlInformation;TranslateGitLabUrlsInSourceControlInformation;TranslateAzureReposGitUrlsInSourceControlInformation")
       C:\Program Files\dotnet\sdk\10.0.300\Sdks\Microsoft.NET.Sdk\targets\Microsoft.NET.DesignerSupport.targets(21,5): message : 속성 재할당: $(DesignerRuntimeImplementationProjectOutputGroupDependsOn)=C:\Program Files\dotnet\sdk\10.0.300\Sdks\Microsoft.NET.Sdk\targets\Microsoft.NET.DesignerSupport.targets (21,5)의 "
       C:\Program Files\dotnet\sdk\10.0.300\Sdks\Microsoft.NET.Sdk\targets\Microsoft.NET.DesignerSupport.targets(21,5): message :       
       C:\Program Files\dotnet\sdk\10.0.300\Sdks\Microsoft.NET.Sdk\targets\Microsoft.NET.DesignerSupport.targets(21,5): message :       ;
       C:\Program Files\dotnet\sdk\10.0.300\Sdks\Microsoft.NET.Sdk\targets\Microsoft.NET.DesignerSupport.targets(21,5): message :       
       C:\Program Files\dotnet\sdk\10.0.300\Sdks\Microsoft.NET.Sdk\targets\Microsoft.NET.DesignerSupport.targets(21,5): message :       ;
       C:\Program Files\dotnet\sdk\10.0.300\Sdks\Microsoft.NET.Sdk\targets\Microsoft.NET.DesignerSupport.targets(21,5): message :       BuildOnlySettings;
       C:\Program Files\dotnet\sdk\10.0.300\Sdks\Microsoft.NET.Sdk\targets\Microsoft.NET.DesignerSupport.targets(21,5): message :       PrepareForBuild;
       C:\Program Files\dotnet\sdk\10.0.300\Sdks\Microsoft.NET.Sdk\targets\Microsoft.NET.DesignerSupport.targets(21,5): message :       AssignTargetPaths;
       C:\Program Files\dotnet\sdk\10.0.300\Sdks\Microsoft.NET.Sdk\targets\Microsoft.NET.DesignerSupport.targets(21,5): message :       ResolveReferences
       C:\Program Files\dotnet\sdk\10.0.300\Sdks\Microsoft.NET.Sdk\targets\Microsoft.NET.DesignerSupport.targets(21,5): message :     
       C:\Program Files\dotnet\sdk\10.0.300\Sdks\Microsoft.NET.Sdk\targets\Microsoft.NET.DesignerSupport.targets(21,5): message :     ;
       C:\Program Files\dotnet\sdk\10.0.300\Sdks\Microsoft.NET.Sdk\targets\Microsoft.NET.DesignerSupport.targets(21,5): message :       _GenerateDesignerDepsFile;
       C:\Program Files\dotnet\sdk\10.0.300\Sdks\Microsoft.NET.Sdk\targets\Microsoft.NET.DesignerSupport.targets(21,5): message :       _GenerateDesignerRuntimeConfigFile;
       C:\Program Files\dotnet\sdk\10.0.300\Sdks\Microsoft.NET.Sdk\targets\Microsoft.NET.DesignerSupport.targets(21,5): message :       GetCopyToOutputDirectoryItems;
       C:\Program Files\dotnet\sdk\10.0.300\Sdks\Microsoft.NET.Sdk\targets\Microsoft.NET.DesignerSupport.targets(21,5): message :       _GatherDesignerShadowCopyFiles;
       C:\Program Files\dotnet\sdk\10.0.300\Sdks\Microsoft.NET.Sdk\targets\Microsoft.NET.DesignerSupport.targets(21,5): message :     "(이전 값: "
       C:\Program Files\dotnet\sdk\10.0.300\Sdks\Microsoft.NET.Sdk\targets\Microsoft.NET.DesignerSupport.targets(21,5): message :       ;
       C:\Program Files\dotnet\sdk\10.0.300\Sdks\Microsoft.NET.Sdk\targets\Microsoft.NET.DesignerSupport.targets(21,5): message :       
       C:\Program Files\dotnet\sdk\10.0.300\Sdks\Microsoft.NET.Sdk\targets\Microsoft.NET.DesignerSupport.targets(21,5): message :       ;
       C:\Program Files\dotnet\sdk\10.0.300\Sdks\Microsoft.NET.Sdk\targets\Microsoft.NET.DesignerSupport.targets(21,5): message :       BuildOnlySettings;
       C:\Program Files\dotnet\sdk\10.0.300\Sdks\Microsoft.NET.Sdk\targets\Microsoft.NET.DesignerSupport.targets(21,5): message :       PrepareForBuild;
       C:\Program Files\dotnet\sdk\10.0.300\Sdks\Microsoft.NET.Sdk\targets\Microsoft.NET.DesignerSupport.targets(21,5): message :       AssignTargetPaths;
       C:\Program Files\dotnet\sdk\10.0.300\Sdks\Microsoft.NET.Sdk\targets\Microsoft.NET.DesignerSupport.targets(21,5): message :       ResolveReferences
       C:\Program Files\dotnet\sdk\10.0.300\Sdks\Microsoft.NET.Sdk\targets\Microsoft.NET.DesignerSupport.targets(21,5): message :     
       C:\Program Files\dotnet\sdk\10.0.300\Sdks\Microsoft.NET.Sdk\targets\Microsoft.NET.DesignerSupport.targets(21,5): message :     ")
       C:\Program Files\dotnet\sdk\10.0.300\Sdks\Microsoft.NET.Sdk\targets\Microsoft.NET.Sdk.CSharp.targets(31,5): message : 속성 재할당: $(DefineConstants)=C:\Program Files\dotnet\sdk\10.0.300\Sdks\Microsoft.NET.Sdk\targets\Microsoft.NET.Sdk.CSharp.targets (31,5)의 "TRACE;DEBUG"(이전 값: "TRACE")
       C:\Program Files\dotnet\sdk\10.0.300\Sdks\Microsoft.NET.Sdk\targets\Microsoft.NET.Sdk.CSharp.targets(45,5): message : 속성 재할당: $(WarningsAsErrors)=C:\Program Files\dotnet\sdk\10.0.300\Sdks\Microsoft.NET.Sdk\targets\Microsoft.NET.Sdk.CSharp.targets (45,5)의 ";NU1605;SYSLIB0011"(이전 값: ";NU1605")
       C:\Program Files\dotnet\sdk\10.0.300\NuGet.Build.Tasks.Pack.targets(34,5): message : 속성 재할당: $(PackageDescription)=C:\Program Files\dotnet\sdk\10.0.300\NuGet.Build.Tasks.Pack.targets (34,5)의 "Package Description"(이전 값: "")
       C:\Program Files\dotnet\sdk\10.0.300\NuGet.Build.Tasks.Pack.targets(59,5): message : 속성 재할당: $(GenerateNuspecDependsOn)=C:\Program Files\dotnet\sdk\10.0.300\NuGet.Build.Tasks.Pack.targets (59,5)의 "Build;_LoadPackInputItems; _GetTargetFrameworksOutput; _WalkEachTargetPerFramework; _GetPackageFiles; "(이전 값: "_LoadPackInputItems; _GetTargetFrameworksOutput; _WalkEachTargetPerFramework; _GetPackageFiles; ")
       C:\Program Files\dotnet\sdk\10.0.300\Sdks\Microsoft.NET.Sdk\Sdk\Sdk.targets(59,5): message : 속성 재할당: $(_IsNotSetContainersTargetsDir)=C:\Program Files\dotnet\sdk\10.0.300\Sdks\Microsoft.NET.Sdk\Sdk\Sdk.targets (59,5)의 "true"(이전 값: "false")
       C:\Program Files\dotnet\sdk\10.0.300\Containers\build\Microsoft.NET.Build.Containers.targets(5,5): message : 속성 재할당: $(_IsSDKContainerAllowedVersion)=C:\Program Files\dotnet\sdk\10.0.300\Containers\build\Microsoft.NET.Build.Containers.targets (5,5)의 "true"(이전 값: "false")
       C:\Program Files\dotnet\sdk\10.0.300\Containers\build\Microsoft.NET.Build.Containers.targets(15,5): message : 속성 재할당: $(_ContainerIsTargetingNet8TFM)=C:\Program Files\dotnet\sdk\10.0.300\Containers\build\Microsoft.NET.Build.Containers.targets (15,5)의 "true"(이전 값: "false")
       "C:\Program Files\dotnet\sdk\10.0.300\Microsoft.Common.CurrentVersion.targets" 프로젝트의 "ResolveFrameworkReferences" 대상을 "C:\Program Files\dotnet\sdk\10.0.300\Sdks\Microsoft.NET.Sdk\targets\Microsoft.NET.Sdk.FrameworkReferenceResolution.targets" 프로젝트의 "ResolveFrameworkReferences" 대상으로 재정의하고 있습니다.
       "C:\Program Files\dotnet\sdk\10.0.300\Microsoft.Common.CurrentVersion.targets" 프로젝트의 "GenerateSupportedTargetFrameworkAlias" 대상을 "C:\Program Files\dotnet\sdk\10.0.300\Sdks\Microsoft.NET.Sdk\targets\Microsoft.NET.Sdk.targets" 프로젝트의 "GenerateSupportedTargetFrameworkAlias" 대상으로 재정의하고 있습니다.
       "C:\Program Files\dotnet\sdk\10.0.300\Microsoft.Common.CurrentVersion.targets" 프로젝트의 "GetReferenceAssemblyPaths" 대상을 "C:\Program Files\dotnet\sdk\10.0.300\Sdks\Microsoft.NET.Sdk\targets\Microsoft.NET.DisableStandardFrameworkResolution.targets" 프로젝트의 "GetReferenceAssemblyPaths" 대상으로 재정의하고 있습니다.
       "C:\Program Files\dotnet\sdk\10.0.300\Microsoft.Common.CurrentVersion.targets" 프로젝트의 "GetFrameworkPaths" 대상을 "C:\Program Files\dotnet\sdk\10.0.300\Sdks\Microsoft.NET.Sdk\targets\Microsoft.NET.DisableStandardFrameworkResolution.targets" 프로젝트의 "GetFrameworkPaths" 대상으로 재정의하고 있습니다.
       "C:\Program Files\dotnet\sdk\10.0.300\Microsoft.Common.CurrentVersion.targets" 프로젝트의 "DesignerRuntimeImplementationProjectOutputGroup" 대상을 "C:\Program Files\dotnet\sdk\10.0.300\Sdks\Microsoft.NET.Sdk\targets\Microsoft.NET.DesignerSupport.targets" 프로젝트의 "DesignerRuntimeImplementationProjectOutputGroup" 대상으로 재정의하고 있습니다.
       "C:\Program Files\dotnet\sdk\10.0.300\Microsoft.Common.CurrentVersion.targets" 프로젝트의 "Publish" 대상을 "C:\Program Files\dotnet\sdk\10.0.300\Sdks\Microsoft.NET.Sdk\targets\Microsoft.NET.Publish.targets" 프로젝트의 "Publish" 대상으로 재정의하고 있습니다.
       "C:\Program Files\dotnet\sdk\10.0.300\Sdks\Microsoft.NET.Sdk\targets\Microsoft.NET.CrossGen.targets" 프로젝트의 "ResolveReadyToRunCompilers" 대상을 "C:\Program Files\dotnet\sdk\10.0.300\Sdks\Microsoft.NET.Sdk\targets\Microsoft.NET.Publish.targets" 프로젝트의 "ResolveReadyToRunCompilers" 대상으로 재정의하고 있습니다.
       "C:\Program Files\dotnet\sdk\10.0.300\Microsoft.Common.CurrentVersion.targets" 프로젝트의 "GetCopyToPublishDirectoryItems" 대상을 "C:\Program Files\dotnet\sdk\10.0.300\Sdks\Microsoft.NET.Sdk\targets\Microsoft.NET.Publish.targets" 프로젝트의 "GetCopyToPublishDirectoryItems" 대상으로 재정의하고 있습니다.
       "C:\Program Files\dotnet\sdk\10.0.300\Microsoft.Common.CurrentVersion.targets" 프로젝트의 "Run" 대상을 "C:\Program Files\dotnet\sdk\10.0.300\Sdks\Microsoft.NET.Sdk\targets\Microsoft.NET.Sdk.targets" 프로젝트의 "Run" 대상으로 재정의하고 있습니다.
     1>"F:\USER\Csharp.NET\Code-Generator\CodeGenerator.sln"(1) 프로젝트가 1 노드에서 "F:\USER\Csharp.NET\Code-Generator\src\Project1.App\Project1.App.csproj"(3)을(를) 빌드하고 있습니다(_IsProjectRestoreSupported 대상).
     3>"F:\USER\Csharp.NET\Code-Generator\src\Project1.App\Project1.App.csproj" 프로젝트의 "C:\Program Files\dotnet\sdk\10.0.300\NuGet.targets" 파일에 있는 "_IsProjectRestoreSupported" 대상(진입점):
     3>추가된 항목: _ValidProjectsForRestore=F:\USER\Csharp.NET\Code-Generator\src\Project1.App\Project1.App.csproj
     3>"Project1.App.csproj" 프로젝트에 "_IsProjectRestoreSupported" 대상을 빌드했습니다.
     3>"F:\USER\Csharp.NET\Code-Generator\src\Project1.App\Project1.App.csproj" 프로젝트를 빌드했습니다(_IsProjectRestoreSupported 대상).
     1>"MSBuild" 작업을 실행했습니다. - 실패
     1>"CodeGenerator.sln" 프로젝트에 "_FilterRestoreGraphProjectInputItems" 대상을 빌드했습니다. - 실패
     1>"F:\USER\Csharp.NET\Code-Generator\CodeGenerator.sln" 프로젝트를 빌드했습니다(Restore 대상). - 실패

빌드하지 못했습니다.
    경고 0개
    오류 0개

경과 시간: 00:00:04.35
